"","t.cvCosineSim.","groupName"
"X0",0.991192712410688,"WBC_test8"
"V2",0.989035552371637,"WBC_test8"
"V3",0.992050485124193,"WBC_test8"
"V4",0.991163999232824,"WBC_test8"
"V5",0.990467382807615,"WBC_test8"
"V6",0.991698230839077,"WBC_test8"
"V7",0.988349934127254,"WBC_test8"
"V8",0.991828916241865,"WBC_test8"
"V9",0.994826831440376,"WBC_test8"
"V10",0.992521289761291,"WBC_test8"
