"","t.cvCosineSim.","groupName"
"X0",0.990969536794309,"NaumanKhan_test2"
"V2",0.989967796682416,"NaumanKhan_test2"
"V3",0.990197983854004,"NaumanKhan_test2"
"V4",0.990655705172662,"NaumanKhan_test2"
"V5",0.989371718927389,"NaumanKhan_test2"
"V6",0.990749807386437,"NaumanKhan_test2"
"V7",0.991413146103439,"NaumanKhan_test2"
"V8",0.990228098366679,"NaumanKhan_test2"
"V9",0.990248992689301,"NaumanKhan_test2"
"V10",0.989956229122896,"NaumanKhan_test2"
