"","t.cvCosineSim.","groupName"
"X0",0.992522256229934,"WBC_train14"
"V2",0.990656546282937,"WBC_train14"
"V3",0.991486017461299,"WBC_train14"
"V4",0.994116817469703,"WBC_train14"
"V5",0.991880062451681,"WBC_train14"
"V6",0.990768653250434,"WBC_train14"
"V7",0.990286141902622,"WBC_train14"
"V8",0.99697108905477,"WBC_train14"
"V9",0.991166332298625,"WBC_train14"
"V10",0.992690791032615,"WBC_train14"
