"","t.cvCosineSim.","groupName"
"X0",0.986696783561954,"Shepherd_test16"
"V2",0.987152899841825,"Shepherd_test16"
"V3",0.989099074017232,"Shepherd_test16"
"V4",0.986439317622642,"Shepherd_test16"
"V5",0.988030457166682,"Shepherd_test16"
"V6",0.988668073626933,"Shepherd_test16"
"V7",0.986141208710339,"Shepherd_test16"
"V8",0.98886455973747,"Shepherd_test16"
"V9",0.987000668123081,"Shepherd_test16"
"V10",0.989152018398493,"Shepherd_test16"
