"","t.cvCosineSim.","groupName"
"X0",0.990458486591843,"WBC_test13"
"V2",0.987391225329064,"WBC_test13"
"V3",0.990160935712695,"WBC_test13"
"V4",0.98799806133301,"WBC_test13"
"V5",0.990210778309827,"WBC_test13"
"V6",0.986849114786249,"WBC_test13"
"V7",0.985759636757704,"WBC_test13"
"V8",0.992090233396298,"WBC_test13"
"V9",0.988380745851279,"WBC_test13"
"V10",0.987576629460914,"WBC_test13"
