"","t.cvCosineSim.","groupName"
"X0",0.989790894554756,"Rabbinic_test1"
"V2",0.987903698063937,"Rabbinic_test1"
"V3",0.985517016171163,"Rabbinic_test1"
"V4",0.991227820722728,"Rabbinic_test1"
"V5",0.987850190050159,"Rabbinic_test1"
"V6",0.987049257918033,"Rabbinic_test1"
"V7",0.990815981109871,"Rabbinic_test1"
"V8",0.992253030181921,"Rabbinic_test1"
"V9",0.989978914983765,"Rabbinic_test1"
"V10",0.991007626126491,"Rabbinic_test1"
