"","t.cvCosineSim.","groupName"
"X0",0.989761246326043,"Shepherd_test9"
"V2",0.986286478371318,"Shepherd_test9"
"V3",0.987679021993952,"Shepherd_test9"
"V4",0.988528992022751,"Shepherd_test9"
"V5",0.988850005196308,"Shepherd_test9"
"V6",0.987838237282679,"Shepherd_test9"
"V7",0.990500506368387,"Shepherd_test9"
"V8",0.989167039181541,"Shepherd_test9"
"V9",0.990770874285345,"Shepherd_test9"
"V10",0.988048907230474,"Shepherd_test9"
