"","t.cvCosineSim.","groupName"
"X0",0.987961827058665,"Shepherd_test11"
"V2",0.986207654967467,"Shepherd_test11"
"V3",0.984952800137654,"Shepherd_test11"
"V4",0.984343935040099,"Shepherd_test11"
"V5",0.987099939472131,"Shepherd_test11"
"V6",0.98447105685851,"Shepherd_test11"
"V7",0.985454844372225,"Shepherd_test11"
"V8",0.986261322024518,"Shepherd_test11"
"V9",0.986429240184991,"Shepherd_test11"
"V10",0.991281191273574,"Shepherd_test11"
