"","t.cvCosineSim.","groupName"
"X0",0.989830608400154,"JohnPiper_test17"
"V2",0.993427772386777,"JohnPiper_test17"
"V3",0.989223458126592,"JohnPiper_test17"
"V4",0.989154550256457,"JohnPiper_test17"
"V5",0.988357281791403,"JohnPiper_test17"
"V6",0.989834624907907,"JohnPiper_test17"
"V7",0.992186497919814,"JohnPiper_test17"
"V8",0.992672031033369,"JohnPiper_test17"
"V9",0.993841266026572,"JohnPiper_test17"
"V10",0.992548874238525,"JohnPiper_test17"
