"","t.cvCosineSim.","groupName"
"X0",0.993148075292947,"JohnPiper_test12"
"V2",0.990098599852577,"JohnPiper_test12"
"V3",0.988569851062745,"JohnPiper_test12"
"V4",0.988293492971302,"JohnPiper_test12"
"V5",0.991758772424487,"JohnPiper_test12"
"V6",0.991199432539786,"JohnPiper_test12"
"V7",0.990347689205071,"JohnPiper_test12"
"V8",0.987071488147267,"JohnPiper_test12"
"V9",0.98931125422053,"JohnPiper_test12"
"V10",0.989783949852318,"JohnPiper_test12"
