"","t.cvCosineSim.","groupName"
"X0",0.996213910253011,"DorothyDay_test8"
"V2",0.993146169020677,"DorothyDay_test8"
"V3",0.990851733004085,"DorothyDay_test8"
"V4",0.992223116990742,"DorothyDay_test8"
"V5",0.993609113009574,"DorothyDay_test8"
"V6",0.995335552704189,"DorothyDay_test8"
"V7",0.992671359654223,"DorothyDay_test8"
"V8",0.993501804387925,"DorothyDay_test8"
"V9",0.993182751333374,"DorothyDay_test8"
"V10",0.995761152827901,"DorothyDay_test8"
