"","t.cvCosineSim.","groupName"
"X0",0.986770966674292,"Shepherd_test13"
"V2",0.986973802019186,"Shepherd_test13"
"V3",0.986735862458028,"Shepherd_test13"
"V4",0.988277219332704,"Shepherd_test13"
"V5",0.987578658151292,"Shepherd_test13"
"V6",0.987060607755092,"Shepherd_test13"
"V7",0.987135517536001,"Shepherd_test13"
"V8",0.987522660173598,"Shepherd_test13"
"V9",0.990632983157202,"Shepherd_test13"
"V10",0.991457268175278,"Shepherd_test13"
