"","t.cvCosineSim.","groupName"
"X0",0.986143289173769,"Shepherd_test19"
"V2",0.987205154798665,"Shepherd_test19"
"V3",0.985017881323776,"Shepherd_test19"
"V4",0.986606974382322,"Shepherd_test19"
"V5",0.986634984417151,"Shepherd_test19"
"V6",0.988135743375325,"Shepherd_test19"
"V7",0.986255463095198,"Shepherd_test19"
"V8",0.989590628372618,"Shepherd_test19"
"V9",0.988093998865819,"Shepherd_test19"
"V10",0.986562759184137,"Shepherd_test19"
