"","t.cvCosineSim.","groupName"
"X0",0.9942629322003,"DorothyDay_test14"
"V2",0.994374591390938,"DorothyDay_test14"
"V3",0.993162873307339,"DorothyDay_test14"
"V4",0.993433265269629,"DorothyDay_test14"
"V5",0.994483098432738,"DorothyDay_test14"
"V6",0.99535571324793,"DorothyDay_test14"
"V7",0.991795315746222,"DorothyDay_test14"
"V8",0.994690668125887,"DorothyDay_test14"
"V9",0.995986890443057,"DorothyDay_test14"
"V10",0.994608032323811,"DorothyDay_test14"
