"","t.cvCosineSim.","groupName"
"X0",0.993352382814655,"DorothyDay_test6"
"V2",0.993364691408974,"DorothyDay_test6"
"V3",0.987995874014114,"DorothyDay_test6"
"V4",0.991721638122159,"DorothyDay_test6"
"V5",0.989029291121241,"DorothyDay_test6"
"V6",0.990594688313389,"DorothyDay_test6"
"V7",0.991484361448184,"DorothyDay_test6"
"V8",0.991347235104909,"DorothyDay_test6"
"V9",0.994725297233462,"DorothyDay_test6"
"V10",0.993395042161097,"DorothyDay_test6"
