"","t.cvCosineSim.","groupName"
"X0",0.990835075568859,"JohnPiper_test4"
"V2",0.989037951479315,"JohnPiper_test4"
"V3",0.991116237858408,"JohnPiper_test4"
"V4",0.990720726360971,"JohnPiper_test4"
"V5",0.990049214194997,"JohnPiper_test4"
"V6",0.990188730782532,"JohnPiper_test4"
"V7",0.993070623413231,"JohnPiper_test4"
"V8",0.991910610471705,"JohnPiper_test4"
"V9",0.993733348254948,"JohnPiper_test4"
"V10",0.987326390773195,"JohnPiper_test4"
