"","t.cvCosineSim.","groupName"
"X0",0.989995834324728,"NaumanKhan_test1"
"V2",0.989778033445207,"NaumanKhan_test1"
"V3",0.989690448559006,"NaumanKhan_test1"
"V4",0.990414328773023,"NaumanKhan_test1"
"V5",0.990956968459093,"NaumanKhan_test1"
"V6",0.991361686324475,"NaumanKhan_test1"
"V7",0.990440956294348,"NaumanKhan_test1"
"V8",0.990953189108691,"NaumanKhan_test1"
"V9",0.988511446091224,"NaumanKhan_test1"
"V10",0.990236773893594,"NaumanKhan_test1"
