"","t.cvCosineSim.","groupName"
"X0",0.994009100455528,"WBC_test3"
"V2",0.993239632611377,"WBC_test3"
"V3",0.994434352344732,"WBC_test3"
"V4",0.990806464018597,"WBC_test3"
"V5",0.994961729832711,"WBC_test3"
"V6",0.992230061684586,"WBC_test3"
"V7",0.991225033726232,"WBC_test3"
"V8",0.992583362465696,"WBC_test3"
"V9",0.992565771768955,"WBC_test3"
"V10",0.992567350135858,"WBC_test3"
