"","t.cvCosineSim.","groupName"
"X0",0.993672065593395,"DorothyDay_test10"
"V2",0.993755087380816,"DorothyDay_test10"
"V3",0.991484779168683,"DorothyDay_test10"
"V4",0.991280958102169,"DorothyDay_test10"
"V5",0.988464225818903,"DorothyDay_test10"
"V6",0.990968834967259,"DorothyDay_test10"
"V7",0.990748357154706,"DorothyDay_test10"
"V8",0.990556407394071,"DorothyDay_test10"
"V9",0.992045873679153,"DorothyDay_test10"
"V10",0.992348394310592,"DorothyDay_test10"
