"","t.cvCosineSim.","groupName"
"X0",0.992369570196259,"WBC_test4"
"V2",0.991152897121333,"WBC_test4"
"V3",0.991165915464857,"WBC_test4"
"V4",0.994566771438686,"WBC_test4"
"V5",0.98769788216815,"WBC_test4"
"V6",0.992030584725766,"WBC_test4"
"V7",0.991464545302186,"WBC_test4"
"V8",0.989091058017572,"WBC_test4"
"V9",0.995263179401684,"WBC_test4"
"V10",0.989022336278707,"WBC_test4"
