"","t.cvCosineSim.","groupName"
"X0",0.991114709854382,"DorothyDay_test11"
"V2",0.990531808992328,"DorothyDay_test11"
"V3",0.993353574042333,"DorothyDay_test11"
"V4",0.992596864603759,"DorothyDay_test11"
"V5",0.991518219513471,"DorothyDay_test11"
"V6",0.99528583840772,"DorothyDay_test11"
"V7",0.990275089085669,"DorothyDay_test11"
"V8",0.99189271590584,"DorothyDay_test11"
"V9",0.994095293543169,"DorothyDay_test11"
"V10",0.990791556585554,"DorothyDay_test11"
