"","t.cvCosineSim.","groupName"
"X0",0.988700002920661,"Unitarian_test5"
"V2",0.989055275361449,"Unitarian_test5"
"V3",0.989738813328362,"Unitarian_test5"
"V4",0.990283643549503,"Unitarian_test5"
"V5",0.988246472615465,"Unitarian_test5"
"V6",0.990915119417869,"Unitarian_test5"
"V7",0.990768970040037,"Unitarian_test5"
"V8",0.988951766377726,"Unitarian_test5"
"V9",0.990400525043225,"Unitarian_test5"
"V10",0.990498381252281,"Unitarian_test5"
