"","t.cvCosineSim.","groupName"
"X0",0.978867076654752,"WBC_test9"
"V2",0.97839903753163,"WBC_test9"
"V3",0.988271316139158,"WBC_test9"
"V4",0.985329557304642,"WBC_test9"
"V5",0.989801757677645,"WBC_test9"
"V6",0.983866828540109,"WBC_test9"
"V7",0.98055162220162,"WBC_test9"
"V8",0.98785998146709,"WBC_test9"
"V9",0.986034011392978,"WBC_test9"
"V10",0.982229658554085,"WBC_test9"
