"","t.cvCosineSim.","groupName"
"X0",0.990945921689269,"WBC_test10"
"V2",0.985586292160229,"WBC_test10"
"V3",0.988278762061938,"WBC_test10"
"V4",0.986984592342315,"WBC_test10"
"V5",0.99003797530361,"WBC_test10"
"V6",0.994391500708689,"WBC_test10"
"V7",0.98953570932005,"WBC_test10"
"V8",0.989649600898473,"WBC_test10"
"V9",0.984152993399568,"WBC_test10"
"V10",0.991156762605244,"WBC_test10"
