"","t.cvCosineSim.","groupName"
"X0",0.986914879911821,"JohnPiper_test8"
"V2",0.990833811119965,"JohnPiper_test8"
"V3",0.991785020262946,"JohnPiper_test8"
"V4",0.98763274642119,"JohnPiper_test8"
"V5",0.987228941718072,"JohnPiper_test8"
"V6",0.985861045637284,"JohnPiper_test8"
"V7",0.98662160861912,"JohnPiper_test8"
"V8",0.986395812987271,"JohnPiper_test8"
"V9",0.983492636264919,"JohnPiper_test8"
"V10",0.987320325390748,"JohnPiper_test8"
