"","t.cvCosineSim.","groupName"
"X0",0.991243770136217,"DorothyDay_test1"
"V2",0.992246538910751,"DorothyDay_test1"
"V3",0.993610861339195,"DorothyDay_test1"
"V4",0.99379935278185,"DorothyDay_test1"
"V5",0.992670511009702,"DorothyDay_test1"
"V6",0.990767508981663,"DorothyDay_test1"
"V7",0.988398300130705,"DorothyDay_test1"
"V8",0.99235480190154,"DorothyDay_test1"
"V9",0.993328188014436,"DorothyDay_test1"
"V10",0.990924708813021,"DorothyDay_test1"
