"","t.cvCosineSim.","groupName"
"X0",0.985560214365182,"Shepherd_test3"
"V2",0.984652813012186,"Shepherd_test3"
"V3",0.982823490663741,"Shepherd_test3"
"V4",0.986934262898331,"Shepherd_test3"
"V5",0.987880650736544,"Shepherd_test3"
"V6",0.98673266832967,"Shepherd_test3"
"V7",0.983805458677716,"Shepherd_test3"
"V8",0.986491246102944,"Shepherd_test3"
"V9",0.988805244533078,"Shepherd_test3"
"V10",0.984516499536866,"Shepherd_test3"
