"","t.cvCosineSim.","groupName"
"X0",0.985929371775893,"Shepherd_test12"
"V2",0.986761952735858,"Shepherd_test12"
"V3",0.982042933216731,"Shepherd_test12"
"V4",0.98309328232201,"Shepherd_test12"
"V5",0.986146439061849,"Shepherd_test12"
"V6",0.98265985148844,"Shepherd_test12"
"V7",0.982970894303823,"Shepherd_test12"
"V8",0.986249147189821,"Shepherd_test12"
"V9",0.984967403317244,"Shepherd_test12"
"V10",0.985527175634768,"Shepherd_test12"
