"","t.cvCosineSim.","groupName"
"X0",0.993241428566415,"Rabbinic_test3"
"V2",0.992422550307252,"Rabbinic_test3"
"V3",0.988727896375352,"Rabbinic_test3"
"V4",0.990846156990487,"Rabbinic_test3"
"V5",0.989158700834019,"Rabbinic_test3"
"V6",0.992594991003177,"Rabbinic_test3"
"V7",0.990503122069349,"Rabbinic_test3"
"V8",0.991596039097967,"Rabbinic_test3"
"V9",0.992551841459959,"Rabbinic_test3"
"V10",0.990243066053807,"Rabbinic_test3"
