"","t.cvCosineSim.","groupName"
"X0",0.987430516842302,"Unitarian_test6"
"V2",0.986420073507623,"Unitarian_test6"
"V3",0.98550800912846,"Unitarian_test6"
"V4",0.988537640949773,"Unitarian_test6"
"V5",0.990696310016378,"Unitarian_test6"
"V6",0.985670328600404,"Unitarian_test6"
"V7",0.985650063175301,"Unitarian_test6"
"V8",0.990495397403633,"Unitarian_test6"
"V9",0.986530650858982,"Unitarian_test6"
"V10",0.988638713704876,"Unitarian_test6"
