"","t.cvCosineSim.","groupName"
"X0",0.99228552047845,"JohnPiper_test1"
"V2",0.993288220691828,"JohnPiper_test1"
"V3",0.993202723562558,"JohnPiper_test1"
"V4",0.991664493002147,"JohnPiper_test1"
"V5",0.994019764030827,"JohnPiper_test1"
"V6",0.993288914401197,"JohnPiper_test1"
"V7",0.991993747141873,"JohnPiper_test1"
"V8",0.992893875408996,"JohnPiper_test1"
"V9",0.993564507752634,"JohnPiper_test1"
"V10",0.992079025042193,"JohnPiper_test1"
