"","t.cvCosineSim.","groupName"
"X0",0.986916311487199,"Unitarian_test1"
"V2",0.985649706058817,"Unitarian_test1"
"V3",0.987555069117305,"Unitarian_test1"
"V4",0.989271768812586,"Unitarian_test1"
"V5",0.986519464436262,"Unitarian_test1"
"V6",0.98708185629424,"Unitarian_test1"
"V7",0.987515814185724,"Unitarian_test1"
"V8",0.987938336358539,"Unitarian_test1"
"V9",0.988416101752877,"Unitarian_test1"
"V10",0.986581655225946,"Unitarian_test1"
