"","t.cvCosineSim.","groupName"
"X0",0.984336042360884,"Unitarian_test8"
"V2",0.987170998302606,"Unitarian_test8"
"V3",0.9881444830932,"Unitarian_test8"
"V4",0.98758962691208,"Unitarian_test8"
"V5",0.988422985837115,"Unitarian_test8"
"V6",0.983823491669797,"Unitarian_test8"
"V7",0.988887252773103,"Unitarian_test8"
"V8",0.987493668656837,"Unitarian_test8"
"V9",0.983865151823574,"Unitarian_test8"
"V10",0.99090508292961,"Unitarian_test8"
