"","t.cvCosineSim.","groupName"
"X0",0.990024879587492,"JohnPiper_test2"
"V2",0.991527948277393,"JohnPiper_test2"
"V3",0.993192649113137,"JohnPiper_test2"
"V4",0.989086953382167,"JohnPiper_test2"
"V5",0.992943022985308,"JohnPiper_test2"
"V6",0.992351960754022,"JohnPiper_test2"
"V7",0.994494037968526,"JohnPiper_test2"
"V8",0.990105206899697,"JohnPiper_test2"
"V9",0.992860284306375,"JohnPiper_test2"
"V10",0.991629387527288,"JohnPiper_test2"
