"","t.cvCosineSim.","groupName"
"X0",0.994084483982607,"MehrBaba_test1"
"V2",0.992401816903538,"MehrBaba_test1"
"V3",0.993462532805623,"MehrBaba_test1"
"V4",0.994386585262143,"MehrBaba_test1"
"V5",0.992171837291363,"MehrBaba_test1"
"V6",0.991047564488845,"MehrBaba_test1"
"V7",0.991159726861934,"MehrBaba_test1"
"V8",0.992475434382239,"MehrBaba_test1"
"V9",0.992799314876423,"MehrBaba_test1"
"V10",0.99248903830845,"MehrBaba_test1"
