"","t.cvCosineSim.","groupName"
"X0",0.991142533090064,"JohnPiper_test7"
"V2",0.991641028466074,"JohnPiper_test7"
"V3",0.993830826291675,"JohnPiper_test7"
"V4",0.995161900792545,"JohnPiper_test7"
"V5",0.993516910319941,"JohnPiper_test7"
"V6",0.993970489090697,"JohnPiper_test7"
"V7",0.993003304695982,"JohnPiper_test7"
"V8",0.992049683932978,"JohnPiper_test7"
"V9",0.992507386806118,"JohnPiper_test7"
"V10",0.992823285513597,"JohnPiper_test7"
