"","t.cvCosineSim.","groupName"
"X0",0.987515056445011,"Unitarian_test2"
"V2",0.984756612859477,"Unitarian_test2"
"V3",0.986292624210391,"Unitarian_test2"
"V4",0.988319942336463,"Unitarian_test2"
"V5",0.988185082429961,"Unitarian_test2"
"V6",0.985631987064294,"Unitarian_test2"
"V7",0.985508390686369,"Unitarian_test2"
"V8",0.988281563111319,"Unitarian_test2"
"V9",0.984829194939884,"Unitarian_test2"
"V10",0.986013354760961,"Unitarian_test2"
