"","t.cvCosineSim.","groupName"
"X0",0.99303276183498,"DorothyDay_test15"
"V2",0.994052238068768,"DorothyDay_test15"
"V3",0.991958328623573,"DorothyDay_test15"
"V4",0.99504539629249,"DorothyDay_test15"
"V5",0.994461201380302,"DorothyDay_test15"
"V6",0.991142337694521,"DorothyDay_test15"
"V7",0.994352628249973,"DorothyDay_test15"
"V8",0.992447341456124,"DorothyDay_test15"
"V9",0.994444433791225,"DorothyDay_test15"
"V10",0.989975495609539,"DorothyDay_test15"
