"","t.cvCosineSim.","groupName"
"X0",0.990097964183841,"WBC_test5"
"V2",0.988824409312092,"WBC_test5"
"V3",0.9914574509258,"WBC_test5"
"V4",0.990122712087485,"WBC_test5"
"V5",0.990643894443146,"WBC_test5"
"V6",0.988692030293115,"WBC_test5"
"V7",0.992846327582664,"WBC_test5"
"V8",0.988999594569421,"WBC_test5"
"V9",0.987640020661444,"WBC_test5"
"V10",0.990567083139731,"WBC_test5"
