"","t.cvCosineSim.","groupName"
"X0",0.99322280872347,"DorothyDay_test5"
"V2",0.992992448907492,"DorothyDay_test5"
"V3",0.992437928329987,"DorothyDay_test5"
"V4",0.991482410922323,"DorothyDay_test5"
"V5",0.990321881920421,"DorothyDay_test5"
"V6",0.992168472928125,"DorothyDay_test5"
"V7",0.994547072968883,"DorothyDay_test5"
"V8",0.992622362590468,"DorothyDay_test5"
"V9",0.99253503005012,"DorothyDay_test5"
"V10",0.994725689351035,"DorothyDay_test5"
