"","t.cvCosineSim.","groupName"
"X0",0.990605707291475,"JohnPiper_test5"
"V2",0.990597180776489,"JohnPiper_test5"
"V3",0.989486803253751,"JohnPiper_test5"
"V4",0.993372134970524,"JohnPiper_test5"
"V5",0.988435503031637,"JohnPiper_test5"
"V6",0.988754621640549,"JohnPiper_test5"
"V7",0.989082168706542,"JohnPiper_test5"
"V8",0.995343710186706,"JohnPiper_test5"
"V9",0.991226464260579,"JohnPiper_test5"
"V10",0.987774549624705,"JohnPiper_test5"
