"","t.cvCosineSim.","groupName"
"X0",0.989812266967742,"JohnPiper_test10"
"V2",0.990789806317515,"JohnPiper_test10"
"V3",0.988568356198754,"JohnPiper_test10"
"V4",0.986084529563744,"JohnPiper_test10"
"V5",0.992598317700388,"JohnPiper_test10"
"V6",0.989181108271644,"JohnPiper_test10"
"V7",0.990496021737467,"JohnPiper_test10"
"V8",0.991075382544922,"JohnPiper_test10"
"V9",0.990922452358616,"JohnPiper_test10"
"V10",0.989060205166432,"JohnPiper_test10"
