"","t.cvCosineSim.","groupName"
"X0",0.986550321227183,"Shepherd_test15"
"V2",0.987191772738626,"Shepherd_test15"
"V3",0.988069209389868,"Shepherd_test15"
"V4",0.98871801894333,"Shepherd_test15"
"V5",0.987725880963242,"Shepherd_test15"
"V6",0.987833360161224,"Shepherd_test15"
"V7",0.98145618795367,"Shepherd_test15"
"V8",0.985701437367851,"Shepherd_test15"
"V9",0.985817967654602,"Shepherd_test15"
"V10",0.985646475528523,"Shepherd_test15"
