"","t.cvCosineSim.","groupName"
"X0",0.988039900508708,"Shepherd_test7"
"V2",0.986281600820017,"Shepherd_test7"
"V3",0.98600446541896,"Shepherd_test7"
"V4",0.986372207541345,"Shepherd_test7"
"V5",0.985453922335917,"Shepherd_test7"
"V6",0.986446105630054,"Shepherd_test7"
"V7",0.987969868670579,"Shepherd_test7"
"V8",0.98886391727317,"Shepherd_test7"
"V9",0.986673769880146,"Shepherd_test7"
"V10",0.981471705344043,"Shepherd_test7"
