"","t.cvCosineSim.","groupName"
"X0",0.99151389968352,"Rabbinic_test4"
"V2",0.988889914261438,"Rabbinic_test4"
"V3",0.990478900411658,"Rabbinic_test4"
"V4",0.987872912828306,"Rabbinic_test4"
"V5",0.98936312703456,"Rabbinic_test4"
"V6",0.989814589465346,"Rabbinic_test4"
"V7",0.987684421118413,"Rabbinic_test4"
"V8",0.990102211014181,"Rabbinic_test4"
"V9",0.991414345633486,"Rabbinic_test4"
"V10",0.985727776706043,"Rabbinic_test4"
