"","t.cvCosineSim.","groupName"
"X0",0.989136869844999,"JohnPiper_test11"
"V2",0.987918633384936,"JohnPiper_test11"
"V3",0.993309952595394,"JohnPiper_test11"
"V4",0.989231202923864,"JohnPiper_test11"
"V5",0.987670855469184,"JohnPiper_test11"
"V6",0.992062486538267,"JohnPiper_test11"
"V7",0.989212976468646,"JohnPiper_test11"
"V8",0.991408549847808,"JohnPiper_test11"
"V9",0.991205331732097,"JohnPiper_test11"
"V10",0.981126938853283,"JohnPiper_test11"
