"","t.cvCosineSim.","groupName"
"X0",0.990893966939856,"WBC_test7"
"V2",0.989911106786771,"WBC_test7"
"V3",0.991740495089496,"WBC_test7"
"V4",0.990768967744941,"WBC_test7"
"V5",0.991597479618764,"WBC_test7"
"V6",0.990441146941783,"WBC_test7"
"V7",0.988484172298271,"WBC_test7"
"V8",0.993591336751113,"WBC_test7"
"V9",0.994768627023026,"WBC_test7"
"V10",0.988671162268328,"WBC_test7"
