"","t.cvCosineSim.","groupName"
"X0",0.982407005512451,"Shepherd_test4"
"V2",0.98703797302965,"Shepherd_test4"
"V3",0.986883402694118,"Shepherd_test4"
"V4",0.984898538099422,"Shepherd_test4"
"V5",0.986312600072263,"Shepherd_test4"
"V6",0.985209416492175,"Shepherd_test4"
"V7",0.985309468515414,"Shepherd_test4"
"V8",0.988002744073474,"Shepherd_test4"
"V9",0.987085349708255,"Shepherd_test4"
"V10",0.987892302571048,"Shepherd_test4"
