"","t.cvCosineSim.","groupName"
"X0",0.986192906155679,"Shepherd_test14"
"V2",0.98729755180943,"Shepherd_test14"
"V3",0.986869113948183,"Shepherd_test14"
"V4",0.984120031688222,"Shepherd_test14"
"V5",0.987606078189223,"Shepherd_test14"
"V6",0.984279638711126,"Shepherd_test14"
"V7",0.985380040188927,"Shepherd_test14"
"V8",0.988038182470803,"Shepherd_test14"
"V9",0.986764041221527,"Shepherd_test14"
"V10",0.985553078390551,"Shepherd_test14"
