"","t.cvCosineSim.","groupName"
"X0",0.986819913263708,"Unitarian_test4"
"V2",0.990469261961745,"Unitarian_test4"
"V3",0.98939388896934,"Unitarian_test4"
"V4",0.990813178295489,"Unitarian_test4"
"V5",0.989381688820266,"Unitarian_test4"
"V6",0.992106240668012,"Unitarian_test4"
"V7",0.988846599155906,"Unitarian_test4"
"V8",0.992619216677913,"Unitarian_test4"
"V9",0.9890651198391,"Unitarian_test4"
"V10",0.988426114631001,"Unitarian_test4"
