"","t.cvCosineSim.","groupName"
"X0",0.990532514778586,"DorothyDay_test16"
"V2",0.99201742818986,"DorothyDay_test16"
"V3",0.99062136047425,"DorothyDay_test16"
"V4",0.993108422588997,"DorothyDay_test16"
"V5",0.991231877781615,"DorothyDay_test16"
"V6",0.992551757830649,"DorothyDay_test16"
"V7",0.991468861993349,"DorothyDay_test16"
"V8",0.992426606939767,"DorothyDay_test16"
"V9",0.992912113110149,"DorothyDay_test16"
"V10",0.99378758962184,"DorothyDay_test16"
