"","t.cvCosineSim.","groupName"
"X0",0.989662229134669,"JohnPiper_test6"
"V2",0.990451013798972,"JohnPiper_test6"
"V3",0.989347910609867,"JohnPiper_test6"
"V4",0.991271169335757,"JohnPiper_test6"
"V5",0.989397087945918,"JohnPiper_test6"
"V6",0.990633675451725,"JohnPiper_test6"
"V7",0.989546796968424,"JohnPiper_test6"
"V8",0.991713424614833,"JohnPiper_test6"
"V9",0.988838295961837,"JohnPiper_test6"
"V10",0.985586531333065,"JohnPiper_test6"
