"","t.cvCosineSim.","groupName"
"X0",0.992396908326532,"DorothyDay_test2"
"V2",0.991860125127431,"DorothyDay_test2"
"V3",0.993588921087438,"DorothyDay_test2"
"V4",0.992454952566702,"DorothyDay_test2"
"V5",0.99497232260504,"DorothyDay_test2"
"V6",0.99516923800363,"DorothyDay_test2"
"V7",0.992402562642576,"DorothyDay_test2"
"V8",0.99064595162711,"DorothyDay_test2"
"V9",0.994595180921882,"DorothyDay_test2"
"V10",0.99402568722789,"DorothyDay_test2"
