"","t.cvCosineSim.","groupName"
"X0",0.990980293061818,"JohnPiper_test4"
"V2",0.989376107156592,"JohnPiper_test4"
"V3",0.991265215521045,"JohnPiper_test4"
"V4",0.990318648366627,"JohnPiper_test4"
"V5",0.989950543048393,"JohnPiper_test4"
"V6",0.989999527421907,"JohnPiper_test4"
"V7",0.993328914975023,"JohnPiper_test4"
"V8",0.991717480064846,"JohnPiper_test4"
"V9",0.993542134342701,"JohnPiper_test4"
"V10",0.987154564583283,"JohnPiper_test4"
