"","t.cvCosineSim.","groupName"
"X0",0.991002515182787,"JohnPiper_test7"
"V2",0.99173135790021,"JohnPiper_test7"
"V3",0.993918012398039,"JohnPiper_test7"
"V4",0.995125122253837,"JohnPiper_test7"
"V5",0.992964129015282,"JohnPiper_test7"
"V6",0.993970068151267,"JohnPiper_test7"
"V7",0.993146488338718,"JohnPiper_test7"
"V8",0.991980915902578,"JohnPiper_test7"
"V9",0.992555972565162,"JohnPiper_test7"
"V10",0.992482381606098,"JohnPiper_test7"
