"","t.cvCosineSim.","groupName"
"X0",0.984659972270348,"NaumanKhan_test3"
"V2",0.984648304674661,"NaumanKhan_test3"
"V3",0.986960618335014,"NaumanKhan_test3"
"V4",0.986832028123252,"NaumanKhan_test3"
"V5",0.98568484824333,"NaumanKhan_test3"
"V6",0.984553889150163,"NaumanKhan_test3"
"V7",0.988229012399124,"NaumanKhan_test3"
"V8",0.98971909342157,"NaumanKhan_test3"
"V9",0.981147337174863,"NaumanKhan_test3"
"V10",0.987198296630527,"NaumanKhan_test3"
