"","t.cvCosineSim.","groupName"
"X0",0.98941751237454,"Unitarian_test3"
"V2",0.985004187850181,"Unitarian_test3"
"V3",0.988503714279644,"Unitarian_test3"
"V4",0.986841051773658,"Unitarian_test3"
"V5",0.985334842305203,"Unitarian_test3"
"V6",0.990879497129135,"Unitarian_test3"
"V7",0.990774274846452,"Unitarian_test3"
"V8",0.985853248612342,"Unitarian_test3"
"V9",0.988132756578239,"Unitarian_test3"
"V10",0.988678246546821,"Unitarian_test3"
