"","t.cvCosineSim.","groupName"
"X0",0.985633257120881,"Shepherd_test10"
"V2",0.983991007121572,"Shepherd_test10"
"V3",0.987071633914825,"Shepherd_test10"
"V4",0.982943343881856,"Shepherd_test10"
"V5",0.988423618218401,"Shepherd_test10"
"V6",0.98747082520397,"Shepherd_test10"
"V7",0.987975937024779,"Shepherd_test10"
"V8",0.986277296540786,"Shepherd_test10"
"V9",0.988936253380327,"Shepherd_test10"
"V10",0.984413376873575,"Shepherd_test10"
