"","t.cvCosineSim.","groupName"
"X0",0.988963639970766,"JohnPiper_test11"
"V2",0.988704224547639,"JohnPiper_test11"
"V3",0.993081388388273,"JohnPiper_test11"
"V4",0.989877569068807,"JohnPiper_test11"
"V5",0.988046706321238,"JohnPiper_test11"
"V6",0.991536011263526,"JohnPiper_test11"
"V7",0.989332819612107,"JohnPiper_test11"
"V8",0.991398704704916,"JohnPiper_test11"
"V9",0.991050417799996,"JohnPiper_test11"
"V10",0.981978807910395,"JohnPiper_test11"
