"","t.cvCosineSim.","groupName"
"X0",0.993796547260369,"MehrBaba_test1"
"V2",0.992517867951351,"MehrBaba_test1"
"V3",0.993991554189878,"MehrBaba_test1"
"V4",0.994544011180962,"MehrBaba_test1"
"V5",0.991576368898752,"MehrBaba_test1"
"V6",0.9909734768726,"MehrBaba_test1"
"V7",0.991073689192846,"MehrBaba_test1"
"V8",0.992537892970128,"MehrBaba_test1"
"V9",0.99326226758425,"MehrBaba_test1"
"V10",0.992634811618767,"MehrBaba_test1"
