"","t.cvCosineSim.","groupName"
"X0",0.984228704048422,"Unitarian_test8"
"V2",0.987705548273286,"Unitarian_test8"
"V3",0.98763956149513,"Unitarian_test8"
"V4",0.987778013422749,"Unitarian_test8"
"V5",0.988361510238039,"Unitarian_test8"
"V6",0.984834056313214,"Unitarian_test8"
"V7",0.988801338621406,"Unitarian_test8"
"V8",0.986816251632962,"Unitarian_test8"
"V9",0.983504716131385,"Unitarian_test8"
"V10",0.991151688419675,"Unitarian_test8"
