"","t.cvCosineSim.","groupName"
"X0",0.986344608722547,"Shepherd_test18"
"V2",0.984574315696874,"Shepherd_test18"
"V3",0.985668830261059,"Shepherd_test18"
"V4",0.981650945320075,"Shepherd_test18"
"V5",0.986412281945353,"Shepherd_test18"
"V6",0.981904428401016,"Shepherd_test18"
"V7",0.985100138836584,"Shepherd_test18"
"V8",0.987400734598622,"Shepherd_test18"
"V9",0.983597711163171,"Shepherd_test18"
"V10",0.98523928819463,"Shepherd_test18"
