"","t.cvCosineSim.","groupName"
"X0",0.98932516663542,"JohnPiper_test6"
"V2",0.990518878938718,"JohnPiper_test6"
"V3",0.989701110207317,"JohnPiper_test6"
"V4",0.991290816438146,"JohnPiper_test6"
"V5",0.989670876083408,"JohnPiper_test6"
"V6",0.990867309587603,"JohnPiper_test6"
"V7",0.989082190323042,"JohnPiper_test6"
"V8",0.991381000637946,"JohnPiper_test6"
"V9",0.9891222996989,"JohnPiper_test6"
"V10",0.98513913550482,"JohnPiper_test6"
