"","t.cvCosineSim.","groupName"
"X0",0.991079602945856,"NaumanKhan_test2"
"V2",0.990015762403838,"NaumanKhan_test2"
"V3",0.990260854571263,"NaumanKhan_test2"
"V4",0.991140514888633,"NaumanKhan_test2"
"V5",0.99009693054932,"NaumanKhan_test2"
"V6",0.990598167435738,"NaumanKhan_test2"
"V7",0.990955506193318,"NaumanKhan_test2"
"V8",0.990478193073745,"NaumanKhan_test2"
"V9",0.990540404951329,"NaumanKhan_test2"
"V10",0.989941898239317,"NaumanKhan_test2"
