"","t.cvCosineSim.","groupName"
"X0",0.987291764617422,"JohnPiper_test8"
"V2",0.990121199962887,"JohnPiper_test8"
"V3",0.991267455247036,"JohnPiper_test8"
"V4",0.986793069326074,"JohnPiper_test8"
"V5",0.986300091120342,"JohnPiper_test8"
"V6",0.984792057886056,"JohnPiper_test8"
"V7",0.986063729026072,"JohnPiper_test8"
"V8",0.985965865957631,"JohnPiper_test8"
"V9",0.983100073403041,"JohnPiper_test8"
"V10",0.987377806132816,"JohnPiper_test8"
