"","t.cvCosineSim.","groupName"
"X0",0.988799759718124,"Shepherd_test17"
"V2",0.987423956992748,"Shepherd_test17"
"V3",0.989418011186178,"Shepherd_test17"
"V4",0.98945041841178,"Shepherd_test17"
"V5",0.988274953667882,"Shepherd_test17"
"V6",0.987726132964748,"Shepherd_test17"
"V7",0.989399148589133,"Shepherd_test17"
"V8",0.989052655477487,"Shepherd_test17"
"V9",0.988060597952125,"Shepherd_test17"
"V10",0.988648724082423,"Shepherd_test17"
