"","t.cvCosineSim.","groupName"
"X0",0.996187419027712,"DorothyDay_test8"
"V2",0.993604466241464,"DorothyDay_test8"
"V3",0.990900074875323,"DorothyDay_test8"
"V4",0.992559513766793,"DorothyDay_test8"
"V5",0.993838516113383,"DorothyDay_test8"
"V6",0.995410258243576,"DorothyDay_test8"
"V7",0.992677309082214,"DorothyDay_test8"
"V8",0.993752590354724,"DorothyDay_test8"
"V9",0.993161390819286,"DorothyDay_test8"
"V10",0.995874021592386,"DorothyDay_test8"
