"","t.cvCosineSim.","groupName"
"X0",0.993252617444161,"DorothyDay_test12"
"V2",0.993168899290121,"DorothyDay_test12"
"V3",0.993481017673165,"DorothyDay_test12"
"V4",0.993145716634681,"DorothyDay_test12"
"V5",0.993343449607193,"DorothyDay_test12"
"V6",0.992281246069467,"DorothyDay_test12"
"V7",0.993142512428429,"DorothyDay_test12"
"V8",0.994096741915318,"DorothyDay_test12"
"V9",0.991042554678857,"DorothyDay_test12"
"V10",0.994153941378308,"DorothyDay_test12"
