"","t.cvCosineSim.","groupName"
"X0",0.994080610129044,"DorothyDay_test3"
"V2",0.994843816836381,"DorothyDay_test3"
"V3",0.992672875319102,"DorothyDay_test3"
"V4",0.991999344962469,"DorothyDay_test3"
"V5",0.991038655505062,"DorothyDay_test3"
"V6",0.995659775427552,"DorothyDay_test3"
"V7",0.994418613088432,"DorothyDay_test3"
"V8",0.992016233542919,"DorothyDay_test3"
"V9",0.991435897467096,"DorothyDay_test3"
"V10",0.995662581598749,"DorothyDay_test3"
