"","t.cvCosineSim.","groupName"
"X0",0.993497426932815,"Rabbinic_test3"
"V2",0.992470407856628,"Rabbinic_test3"
"V3",0.98828856683776,"Rabbinic_test3"
"V4",0.990725127381439,"Rabbinic_test3"
"V5",0.989201027891971,"Rabbinic_test3"
"V6",0.992182851706691,"Rabbinic_test3"
"V7",0.99065970609073,"Rabbinic_test3"
"V8",0.992375584566935,"Rabbinic_test3"
"V9",0.992632274271845,"Rabbinic_test3"
"V10",0.990661101277104,"Rabbinic_test3"
