"","t.cvCosineSim.","groupName"
"X0",0.991751831576221,"DorothyDay_test20"
"V2",0.992168176167801,"DorothyDay_test20"
"V3",0.993872556411656,"DorothyDay_test20"
"V4",0.99142363928026,"DorothyDay_test20"
"V5",0.992755690716385,"DorothyDay_test20"
"V6",0.991012413413547,"DorothyDay_test20"
"V7",0.994781833251965,"DorothyDay_test20"
"V8",0.992911656426986,"DorothyDay_test20"
"V9",0.993843907135649,"DorothyDay_test20"
"V10",0.991447350450399,"DorothyDay_test20"
