"","t.cvCosineSim.","groupName"
"X0",0.990950745058827,"DorothyDay_test16"
"V2",0.99168764290166,"DorothyDay_test16"
"V3",0.990721047961757,"DorothyDay_test16"
"V4",0.993063041495289,"DorothyDay_test16"
"V5",0.991089020170118,"DorothyDay_test16"
"V6",0.992850817062248,"DorothyDay_test16"
"V7",0.991466584069197,"DorothyDay_test16"
"V8",0.992097734475003,"DorothyDay_test16"
"V9",0.993284442523097,"DorothyDay_test16"
"V10",0.993810140086869,"DorothyDay_test16"
