"","t.cvCosineSim.","groupName"
"X0",0.986479986790093,"Shepherd_test12"
"V2",0.986629217656217,"Shepherd_test12"
"V3",0.981323058219132,"Shepherd_test12"
"V4",0.982852216268305,"Shepherd_test12"
"V5",0.98583051163625,"Shepherd_test12"
"V6",0.98291400080562,"Shepherd_test12"
"V7",0.981888165377206,"Shepherd_test12"
"V8",0.985835764322024,"Shepherd_test12"
"V9",0.984105783612127,"Shepherd_test12"
"V10",0.985561300805824,"Shepherd_test12"
