"","t.cvCosineSim.","groupName"
"X0",0.990681678143718,"JohnPiper_test5"
"V2",0.990948635429088,"JohnPiper_test5"
"V3",0.98927400823355,"JohnPiper_test5"
"V4",0.993323322003008,"JohnPiper_test5"
"V5",0.988405184229254,"JohnPiper_test5"
"V6",0.98825318198873,"JohnPiper_test5"
"V7",0.98860318685204,"JohnPiper_test5"
"V8",0.99496870142913,"JohnPiper_test5"
"V9",0.991702842292155,"JohnPiper_test5"
"V10",0.987699128753819,"JohnPiper_test5"
