"","t.cvCosineSim.","groupName"
"X0",0.986839553602385,"Unitarian_test1"
"V2",0.985641152537495,"Unitarian_test1"
"V3",0.986483480208788,"Unitarian_test1"
"V4",0.989902830786623,"Unitarian_test1"
"V5",0.986312394566708,"Unitarian_test1"
"V6",0.987573428630985,"Unitarian_test1"
"V7",0.987315642312376,"Unitarian_test1"
"V8",0.988470666543229,"Unitarian_test1"
"V9",0.988155590333288,"Unitarian_test1"
"V10",0.986246624458985,"Unitarian_test1"
