"","t.cvCosineSim.","groupName"
"X0",0.989556023446777,"Rabbinic_test1"
"V2",0.987891493945217,"Rabbinic_test1"
"V3",0.986130135339652,"Rabbinic_test1"
"V4",0.990997910913233,"Rabbinic_test1"
"V5",0.987590210151759,"Rabbinic_test1"
"V6",0.987708582300856,"Rabbinic_test1"
"V7",0.990691110637219,"Rabbinic_test1"
"V8",0.992541078228417,"Rabbinic_test1"
"V9",0.989912931010039,"Rabbinic_test1"
"V10",0.991667559893318,"Rabbinic_test1"
