"","t.cvCosineSim.","groupName"
"X0",0.991566998384589,"WBC_test10"
"V2",0.984818784985067,"WBC_test10"
"V3",0.987797192485312,"WBC_test10"
"V4",0.987283803606938,"WBC_test10"
"V5",0.990167766001713,"WBC_test10"
"V6",0.994056544325591,"WBC_test10"
"V7",0.989014890761008,"WBC_test10"
"V8",0.989453686449345,"WBC_test10"
"V9",0.984082191878439,"WBC_test10"
"V10",0.990612810933684,"WBC_test10"
