"","t.cvCosineSim.","groupName"
"X0",0.987325727952949,"WBC_test1"
"V2",0.990543422300243,"WBC_test1"
"V3",0.990911536310095,"WBC_test1"
"V4",0.991951055701559,"WBC_test1"
"V5",0.988566465493532,"WBC_test1"
"V6",0.992921617995729,"WBC_test1"
"V7",0.985932753497455,"WBC_test1"
"V8",0.987604485984568,"WBC_test1"
"V9",0.991566668051301,"WBC_test1"
"V10",0.99180591550807,"WBC_test1"
