"","t.cvCosineSim.","groupName"
"X0",0.983158643635883,"Shepherd_test4"
"V2",0.986885575650538,"Shepherd_test4"
"V3",0.986904907213304,"Shepherd_test4"
"V4",0.98522995150868,"Shepherd_test4"
"V5",0.985981621045265,"Shepherd_test4"
"V6",0.985346504373777,"Shepherd_test4"
"V7",0.985820926143715,"Shepherd_test4"
"V8",0.98823200617624,"Shepherd_test4"
"V9",0.987067897289327,"Shepherd_test4"
"V10",0.988339284854813,"Shepherd_test4"
