"","t.cvCosineSim.","groupName"
"X0",0.989927753951417,"WBC_test5"
"V2",0.990080440849009,"WBC_test5"
"V3",0.991433130236634,"WBC_test5"
"V4",0.990346027270932,"WBC_test5"
"V5",0.991324042946042,"WBC_test5"
"V6",0.988826898552738,"WBC_test5"
"V7",0.993070813924886,"WBC_test5"
"V8",0.98912539369905,"WBC_test5"
"V9",0.987463346208858,"WBC_test5"
"V10",0.990315775337716,"WBC_test5"
