"","t.cvCosineSim.","groupName"
"X0",0.994170025630039,"DorothyDay_test13"
"V2",0.992009306158766,"DorothyDay_test13"
"V3",0.993602785800153,"DorothyDay_test13"
"V4",0.994455340299097,"DorothyDay_test13"
"V5",0.993516637836421,"DorothyDay_test13"
"V6",0.991776244405006,"DorothyDay_test13"
"V7",0.991439064168033,"DorothyDay_test13"
"V8",0.995891525854695,"DorothyDay_test13"
"V9",0.995421455215369,"DorothyDay_test13"
"V10",0.994326183710018,"DorothyDay_test13"
