"","t.cvCosineSim.","groupName"
"X0",0.992096243091963,"DorothyDay_test4"
"V2",0.99246253045835,"DorothyDay_test4"
"V3",0.988851353436003,"DorothyDay_test4"
"V4",0.995526425085612,"DorothyDay_test4"
"V5",0.993626501863408,"DorothyDay_test4"
"V6",0.992437460877975,"DorothyDay_test4"
"V7",0.992154537568038,"DorothyDay_test4"
"V8",0.993209159837547,"DorothyDay_test4"
"V9",0.993652717803151,"DorothyDay_test4"
"V10",0.994957249870357,"DorothyDay_test4"
