"","t.cvCosineSim.","groupName"
"X0",0.987287869937014,"Shepherd_test13"
"V2",0.986880836969246,"Shepherd_test13"
"V3",0.98653388528571,"Shepherd_test13"
"V4",0.98741654462401,"Shepherd_test13"
"V5",0.987457263732317,"Shepherd_test13"
"V6",0.98685671864767,"Shepherd_test13"
"V7",0.98734210798229,"Shepherd_test13"
"V8",0.987292305034367,"Shepherd_test13"
"V9",0.990900131121708,"Shepherd_test13"
"V10",0.991379019820897,"Shepherd_test13"
