"","t.cvCosineSim.","groupName"
"X0",0.986752051831693,"Unitarian_test4"
"V2",0.990062984680083,"Unitarian_test4"
"V3",0.989575302539193,"Unitarian_test4"
"V4",0.990822497066345,"Unitarian_test4"
"V5",0.988834298105882,"Unitarian_test4"
"V6",0.991996846567096,"Unitarian_test4"
"V7",0.989136737164511,"Unitarian_test4"
"V8",0.992583029221714,"Unitarian_test4"
"V9",0.989121760297641,"Unitarian_test4"
"V10",0.988569219572502,"Unitarian_test4"
