"","t.cvCosineSim.","groupName"
"X0",0.994019838999331,"WBC_test3"
"V2",0.99347848702289,"WBC_test3"
"V3",0.994251475002923,"WBC_test3"
"V4",0.990328008036067,"WBC_test3"
"V5",0.994967722968207,"WBC_test3"
"V6",0.992231038483135,"WBC_test3"
"V7",0.991435614582441,"WBC_test3"
"V8",0.992006327738843,"WBC_test3"
"V9",0.992713895022603,"WBC_test3"
"V10",0.992826479902857,"WBC_test3"
