"","t.cvCosineSim.","groupName"
"X0",0.987706857675793,"Shepherd_test22"
"V2",0.988413796801713,"Shepherd_test22"
"V3",0.989178081211639,"Shepherd_test22"
"V4",0.987786301070154,"Shepherd_test22"
"V5",0.989910240223016,"Shepherd_test22"
"V6",0.988827348225953,"Shepherd_test22"
"V7",0.990266101918895,"Shepherd_test22"
"V8",0.989968232385321,"Shepherd_test22"
"V9",0.987401240869196,"Shepherd_test22"
"V10",0.988436712663958,"Shepherd_test22"
