"","t.cvCosineSim.","groupName"
"X0",0.987139318417564,"JohnPiper_test13"
"V2",0.995236262361856,"JohnPiper_test13"
"V3",0.988677829197883,"JohnPiper_test13"
"V4",0.98854422865787,"JohnPiper_test13"
"V5",0.985768877886498,"JohnPiper_test13"
"V6",0.992229475281642,"JohnPiper_test13"
"V7",0.986331226574287,"JohnPiper_test13"
"V8",0.994257308971873,"JohnPiper_test13"
"V9",0.982819333808824,"JohnPiper_test13"
"V10",0.988424432050704,"JohnPiper_test13"
