"","t.cvCosineSim.","groupName"
"X0",0.993633836618845,"DorothyDay_test5"
"V2",0.993061083595239,"DorothyDay_test5"
"V3",0.992269407787025,"DorothyDay_test5"
"V4",0.991242003108677,"DorothyDay_test5"
"V5",0.989904080706418,"DorothyDay_test5"
"V6",0.992282861177639,"DorothyDay_test5"
"V7",0.994427911995756,"DorothyDay_test5"
"V8",0.9924393063962,"DorothyDay_test5"
"V9",0.992617520168115,"DorothyDay_test5"
"V10",0.994635195424443,"DorothyDay_test5"
