"","t.cvCosineSim.","groupName"
"X0",0.993454470141545,"DorothyDay_test6"
"V2",0.99295932414813,"DorothyDay_test6"
"V3",0.98762042172306,"DorothyDay_test6"
"V4",0.991441909958841,"DorothyDay_test6"
"V5",0.989752045026295,"DorothyDay_test6"
"V6",0.991324153573767,"DorothyDay_test6"
"V7",0.990896914085453,"DorothyDay_test6"
"V8",0.991229515999263,"DorothyDay_test6"
"V9",0.994664928153811,"DorothyDay_test6"
"V10",0.993147178906454,"DorothyDay_test6"
