"","t.cvCosineSim.","groupName"
"X0",0.98520302199197,"Shepherd_test3"
"V2",0.98474467671329,"Shepherd_test3"
"V3",0.98255435133399,"Shepherd_test3"
"V4",0.98734445425907,"Shepherd_test3"
"V5",0.988174131867688,"Shepherd_test3"
"V6",0.986753906463383,"Shepherd_test3"
"V7",0.983656791679119,"Shepherd_test3"
"V8",0.986802299289155,"Shepherd_test3"
"V9",0.988514020547254,"Shepherd_test3"
"V10",0.984743772558859,"Shepherd_test3"
