"","t.cvCosineSim.","groupName"
"X0",0.991522494508214,"DorothyDay_test11"
"V2",0.990156855426494,"DorothyDay_test11"
"V3",0.993695626096419,"DorothyDay_test11"
"V4",0.992745493087872,"DorothyDay_test11"
"V5",0.991907958185914,"DorothyDay_test11"
"V6",0.995468784025508,"DorothyDay_test11"
"V7",0.990219918308289,"DorothyDay_test11"
"V8",0.992388604034361,"DorothyDay_test11"
"V9",0.994079635786885,"DorothyDay_test11"
"V10",0.990659111498457,"DorothyDay_test11"
