"","t.cvCosineSim.","groupName"
"X0",0.986431099458198,"Shepherd_test14"
"V2",0.987038186522374,"Shepherd_test14"
"V3",0.9868612841384,"Shepherd_test14"
"V4",0.984139721844352,"Shepherd_test14"
"V5",0.988213254040532,"Shepherd_test14"
"V6",0.98395435746374,"Shepherd_test14"
"V7",0.986117854822968,"Shepherd_test14"
"V8",0.987881921296848,"Shepherd_test14"
"V9",0.986670017929582,"Shepherd_test14"
"V10",0.985746108173977,"Shepherd_test14"
