"","t.cvCosineSim.","groupName"
"X0",0.993219937257771,"DorothyDay_test7"
"V2",0.992306138628161,"DorothyDay_test7"
"V3",0.99255441835348,"DorothyDay_test7"
"V4",0.992247330464218,"DorothyDay_test7"
"V5",0.993276319348367,"DorothyDay_test7"
"V6",0.994537185332017,"DorothyDay_test7"
"V7",0.99278032453629,"DorothyDay_test7"
"V8",0.993786103451587,"DorothyDay_test7"
"V9",0.994544043784291,"DorothyDay_test7"
"V10",0.993910822073633,"DorothyDay_test7"
