"","t.cvCosineSim.","groupName"
"X0",0.986025981812889,"Shepherd_test20"
"V2",0.98438429680003,"Shepherd_test20"
"V3",0.983325325265703,"Shepherd_test20"
"V4",0.986962381812888,"Shepherd_test20"
"V5",0.982919503658714,"Shepherd_test20"
"V6",0.985292822414951,"Shepherd_test20"
"V7",0.981761682014797,"Shepherd_test20"
"V8",0.985256980210953,"Shepherd_test20"
"V9",0.984856837317384,"Shepherd_test20"
"V10",0.984788271770031,"Shepherd_test20"
