"","t.cvCosineSim.","groupName"
"X0",0.99018283302922,"JohnPiper_test2"
"V2",0.991329784208635,"JohnPiper_test2"
"V3",0.993140583096471,"JohnPiper_test2"
"V4",0.988670347682265,"JohnPiper_test2"
"V5",0.993275073939539,"JohnPiper_test2"
"V6",0.992148133919474,"JohnPiper_test2"
"V7",0.994458493111278,"JohnPiper_test2"
"V8",0.990404340777534,"JohnPiper_test2"
"V9",0.992966601066015,"JohnPiper_test2"
"V10",0.991270705934464,"JohnPiper_test2"
