"","t.cvCosineSim.","groupName"
"X0",0.985597768029095,"Shepherd_test8"
"V2",0.985134745376396,"Shepherd_test8"
"V3",0.986002198208806,"Shepherd_test8"
"V4",0.98598357174481,"Shepherd_test8"
"V5",0.987114574747853,"Shepherd_test8"
"V6",0.983599977826763,"Shepherd_test8"
"V7",0.984166763397268,"Shepherd_test8"
"V8",0.988421930429076,"Shepherd_test8"
"V9",0.988083459657878,"Shepherd_test8"
"V10",0.984593159691445,"Shepherd_test8"
