"","t.cvCosineSim.","groupName"
"X0",0.989048663741513,"JohnPiper_test14"
"V2",0.991186023980592,"JohnPiper_test14"
"V3",0.991529319105913,"JohnPiper_test14"
"V4",0.991401646857118,"JohnPiper_test14"
"V5",0.991771022760244,"JohnPiper_test14"
"V6",0.991995435564205,"JohnPiper_test14"
"V7",0.994491958234718,"JohnPiper_test14"
"V8",0.992472444823718,"JohnPiper_test14"
"V9",0.990206110004,"JohnPiper_test14"
"V10",0.992374662612847,"JohnPiper_test14"
