"","t.cvCosineSim.","groupName"
"X0",0.992599035166479,"JohnPiper_test3"
"V2",0.990836337268812,"JohnPiper_test3"
"V3",0.993787443719912,"JohnPiper_test3"
"V4",0.993196903656024,"JohnPiper_test3"
"V5",0.99271946836979,"JohnPiper_test3"
"V6",0.991437495459439,"JohnPiper_test3"
"V7",0.990712530546577,"JohnPiper_test3"
"V8",0.992540574191304,"JohnPiper_test3"
"V9",0.993342346304086,"JohnPiper_test3"
"V10",0.992834188900195,"JohnPiper_test3"
