"","t.cvCosineSim.","groupName"
"X0",0.988040139134528,"Shepherd_test2"
"V2",0.986361717708249,"Shepherd_test2"
"V3",0.98615546098844,"Shepherd_test2"
"V4",0.990652685158887,"Shepherd_test2"
"V5",0.986849581624424,"Shepherd_test2"
"V6",0.987998082105899,"Shepherd_test2"
"V7",0.986575239751729,"Shepherd_test2"
"V8",0.988759227995002,"Shepherd_test2"
"V9",0.988097947885234,"Shepherd_test2"
"V10",0.988080787307848,"Shepherd_test2"
