"","t.cvCosineSim.","groupName"
"X0",0.985512236472142,"Shepherd_test5"
"V2",0.987252470434372,"Shepherd_test5"
"V3",0.982864706198838,"Shepherd_test5"
"V4",0.986211671245178,"Shepherd_test5"
"V5",0.987408853434662,"Shepherd_test5"
"V6",0.985123643808638,"Shepherd_test5"
"V7",0.986098534752754,"Shepherd_test5"
"V8",0.98755559899647,"Shepherd_test5"
"V9",0.983193730262018,"Shepherd_test5"
"V10",0.985245390946585,"Shepherd_test5"
