"","t.cvCosineSim.","groupName"
"X0",0.987446474586885,"JohnPiper_test9"
"V2",0.989316915865519,"JohnPiper_test9"
"V3",0.989725751076905,"JohnPiper_test9"
"V4",0.984818970813786,"JohnPiper_test9"
"V5",0.989540789606224,"JohnPiper_test9"
"V6",0.991971615201479,"JohnPiper_test9"
"V7",0.9841995799907,"JohnPiper_test9"
"V8",0.98952737737144,"JohnPiper_test9"
"V9",0.988096445546672,"JohnPiper_test9"
"V10",0.989486855952729,"JohnPiper_test9"
