"","t.cvCosineSim.","groupName"
"X0",0.994661385687885,"DorothyDay_test19"
"V2",0.993965007148568,"DorothyDay_test19"
"V3",0.994338154100195,"DorothyDay_test19"
"V4",0.993743496019807,"DorothyDay_test19"
"V5",0.994304948257423,"DorothyDay_test19"
"V6",0.994605990641604,"DorothyDay_test19"
"V7",0.9941058583314,"DorothyDay_test19"
"V8",0.994204078670102,"DorothyDay_test19"
"V9",0.995663622674374,"DorothyDay_test19"
"V10",0.994160039400622,"DorothyDay_test19"
