"","t.cvCosineSim.","groupName"
"X0",0.991548177088139,"Rabbinic_test4"
"V2",0.98902639029425,"Rabbinic_test4"
"V3",0.990766041709653,"Rabbinic_test4"
"V4",0.988259441244844,"Rabbinic_test4"
"V5",0.989794757049806,"Rabbinic_test4"
"V6",0.989801079272989,"Rabbinic_test4"
"V7",0.987730233839783,"Rabbinic_test4"
"V8",0.990309375633564,"Rabbinic_test4"
"V9",0.99112731200682,"Rabbinic_test4"
"V10",0.98575189608116,"Rabbinic_test4"
