"","t.cvCosineSim.","groupName"
"X0",0.988108431659756,"Shepherd_test11"
"V2",0.985979831804346,"Shepherd_test11"
"V3",0.984476456585856,"Shepherd_test11"
"V4",0.984459709164027,"Shepherd_test11"
"V5",0.986379913337654,"Shepherd_test11"
"V6",0.983565830439648,"Shepherd_test11"
"V7",0.986664160801324,"Shepherd_test11"
"V8",0.985662007291118,"Shepherd_test11"
"V9",0.985726638439852,"Shepherd_test11"
"V10",0.991067908245762,"Shepherd_test11"
