"","t.cvCosineSim.","groupName"
"X0",0.988335605532955,"DorothyDay_test23"
"V2",0.992811403729714,"DorothyDay_test23"
"V3",0.992641141437735,"DorothyDay_test23"
"V4",0.99089765490501,"DorothyDay_test23"
"V5",0.992402084476545,"DorothyDay_test23"
"V6",0.992294315389855,"DorothyDay_test23"
"V7",0.993416759770228,"DorothyDay_test23"
"V8",0.988650071583469,"DorothyDay_test23"
"V9",0.993753177219096,"DorothyDay_test23"
"V10",0.992106752833937,"DorothyDay_test23"
