"","t.cvCosineSim.","groupName"
"X0",0.99042180857924,"WBC_test13"
"V2",0.987135607956243,"WBC_test13"
"V3",0.98981957895414,"WBC_test13"
"V4",0.988175493540903,"WBC_test13"
"V5",0.99052062179993,"WBC_test13"
"V6",0.986806519775731,"WBC_test13"
"V7",0.985725673539758,"WBC_test13"
"V8",0.992142013350063,"WBC_test13"
"V9",0.988575270009352,"WBC_test13"
"V10",0.986909046077916,"WBC_test13"
