"","t.cvCosineSim.","groupName"
"X0",0.988484285217782,"Unitarian_test5"
"V2",0.988475712931934,"Unitarian_test5"
"V3",0.98920158818605,"Unitarian_test5"
"V4",0.989674697449665,"Unitarian_test5"
"V5",0.98805754385847,"Unitarian_test5"
"V6",0.991308458382146,"Unitarian_test5"
"V7",0.990710494274047,"Unitarian_test5"
"V8",0.988678472711533,"Unitarian_test5"
"V9",0.990371264848015,"Unitarian_test5"
"V10",0.989788649909472,"Unitarian_test5"
