"","t.cvCosineSim.","groupName"
"X0",0.986569903949192,"Shepherd_test1"
"V2",0.98498659472896,"Shepherd_test1"
"V3",0.986091929662972,"Shepherd_test1"
"V4",0.97748437288633,"Shepherd_test1"
"V5",0.987247530733034,"Shepherd_test1"
"V6",0.987289794733478,"Shepherd_test1"
"V7",0.982851022717237,"Shepherd_test1"
"V8",0.987104042071552,"Shepherd_test1"
"V9",0.989238361203543,"Shepherd_test1"
"V10",0.987310450518042,"Shepherd_test1"
