"","t.cvCosineSim.","groupName"
"X0",0.993277080769726,"JohnPiper_test16"
"V2",0.9903621367223,"JohnPiper_test16"
"V3",0.990419097172429,"JohnPiper_test16"
"V4",0.989603218943055,"JohnPiper_test16"
"V5",0.989821997042186,"JohnPiper_test16"
"V6",0.991667804396725,"JohnPiper_test16"
"V7",0.99344633313118,"JohnPiper_test16"
"V8",0.988787627057612,"JohnPiper_test16"
"V9",0.991135801943064,"JohnPiper_test16"
"V10",0.994291132814114,"JohnPiper_test16"
