"","t.cvCosineSim.","groupName"
"X0",0.992710824608226,"JohnPiper_test1"
"V2",0.993236303167804,"JohnPiper_test1"
"V3",0.993585053087894,"JohnPiper_test1"
"V4",0.991878064437828,"JohnPiper_test1"
"V5",0.99413798241458,"JohnPiper_test1"
"V6",0.993274428815845,"JohnPiper_test1"
"V7",0.992267613362351,"JohnPiper_test1"
"V8",0.992855082449138,"JohnPiper_test1"
"V9",0.993533577922273,"JohnPiper_test1"
"V10",0.991868780519553,"JohnPiper_test1"
