"","t.cvCosineSim.","groupName"
"X0",0.988429969032981,"Unitarian_test7"
"V2",0.988681378222412,"Unitarian_test7"
"V3",0.9901671636048,"Unitarian_test7"
"V4",0.990184795762231,"Unitarian_test7"
"V5",0.989531218063614,"Unitarian_test7"
"V6",0.991321605301104,"Unitarian_test7"
"V7",0.988947841950012,"Unitarian_test7"
"V8",0.991002091514602,"Unitarian_test7"
"V9",0.987682406595506,"Unitarian_test7"
"V10",0.988279167107991,"Unitarian_test7"
