"","t.cvCosineSim.","groupName"
"X0",0.992502779068202,"WBC_test4"
"V2",0.991244945001284,"WBC_test4"
"V3",0.99060920662511,"WBC_test4"
"V4",0.994468415542681,"WBC_test4"
"V5",0.987698309320527,"WBC_test4"
"V6",0.9921603068327,"WBC_test4"
"V7",0.991312789777049,"WBC_test4"
"V8",0.988138427350133,"WBC_test4"
"V9",0.995406155022958,"WBC_test4"
"V10",0.988622546476091,"WBC_test4"
