"","t.cvCosineSim.","groupName"
"X0",0.992966368551606,"DorothyDay_test22"
"V2",0.995206962749273,"DorothyDay_test22"
"V3",0.991058776120365,"DorothyDay_test22"
"V4",0.988923484520404,"DorothyDay_test22"
"V5",0.994011159818812,"DorothyDay_test22"
"V6",0.989487698640644,"DorothyDay_test22"
"V7",0.991505271896954,"DorothyDay_test22"
"V8",0.990176716761782,"DorothyDay_test22"
"V9",0.989612296330752,"DorothyDay_test22"
"V10",0.993193772415089,"DorothyDay_test22"
