"","t.cvCosineSim.","groupName"
"X0",0.986616355838758,"Shepherd_test16"
"V2",0.987225256600199,"Shepherd_test16"
"V3",0.989055428465424,"Shepherd_test16"
"V4",0.98610333553761,"Shepherd_test16"
"V5",0.988084232422199,"Shepherd_test16"
"V6",0.988524169647885,"Shepherd_test16"
"V7",0.985990012203671,"Shepherd_test16"
"V8",0.988562364900052,"Shepherd_test16"
"V9",0.986701557011821,"Shepherd_test16"
"V10",0.989301751676286,"Shepherd_test16"
