"","t.cvCosineSim.","groupName"
"X0",0.979200142001938,"WBC_test9"
"V2",0.97832334905233,"WBC_test9"
"V3",0.987968477121125,"WBC_test9"
"V4",0.985789693780097,"WBC_test9"
"V5",0.99029400772329,"WBC_test9"
"V6",0.984331262768993,"WBC_test9"
"V7",0.981919938400899,"WBC_test9"
"V8",0.988709850643812,"WBC_test9"
"V9",0.985670490457545,"WBC_test9"
"V10",0.981464597934761,"WBC_test9"
