"","t.cvCosineSim.","groupName"
"X0",0.990704701823757,"DorothyDay_test18"
"V2",0.994228348781345,"DorothyDay_test18"
"V3",0.989672746242894,"DorothyDay_test18"
"V4",0.991883972346576,"DorothyDay_test18"
"V5",0.99038403083004,"DorothyDay_test18"
"V6",0.990455806561722,"DorothyDay_test18"
"V7",0.992517891579458,"DorothyDay_test18"
"V8",0.992366901501687,"DorothyDay_test18"
"V9",0.993933450492608,"DorothyDay_test18"
"V10",0.993517410611102,"DorothyDay_test18"
