"","t.cvCosineSim.","groupName"
"X0",0.98618572330774,"Shepherd_test15"
"V2",0.987482010370108,"Shepherd_test15"
"V3",0.987382149653861,"Shepherd_test15"
"V4",0.988486339804841,"Shepherd_test15"
"V5",0.986954742926845,"Shepherd_test15"
"V6",0.988081061944409,"Shepherd_test15"
"V7",0.981801053531779,"Shepherd_test15"
"V8",0.985564641696567,"Shepherd_test15"
"V9",0.985995285245727,"Shepherd_test15"
"V10",0.985475619786209,"Shepherd_test15"
