"","t.cvCosineSim.","groupName"
"X0",0.990180901349022,"JohnPiper_test17"
"V2",0.993692611802689,"JohnPiper_test17"
"V3",0.989371449200083,"JohnPiper_test17"
"V4",0.989070243324809,"JohnPiper_test17"
"V5",0.988727992948107,"JohnPiper_test17"
"V6",0.989213235275414,"JohnPiper_test17"
"V7",0.992346687958242,"JohnPiper_test17"
"V8",0.992364758311575,"JohnPiper_test17"
"V9",0.993802020751573,"JohnPiper_test17"
"V10",0.992742400883916,"JohnPiper_test17"
