"","t.cvCosineSim.","groupName"
"X0",0.993259662662914,"DorothyDay_test10"
"V2",0.993880670118169,"DorothyDay_test10"
"V3",0.991804554422712,"DorothyDay_test10"
"V4",0.991141951311072,"DorothyDay_test10"
"V5",0.98832228855064,"DorothyDay_test10"
"V6",0.991255558461748,"DorothyDay_test10"
"V7",0.990473824865084,"DorothyDay_test10"
"V8",0.990488153747994,"DorothyDay_test10"
"V9",0.992280897585867,"DorothyDay_test10"
"V10",0.992495767739049,"DorothyDay_test10"
