"","t.cvCosineSim.","groupName"
"X0",0.990793269161173,"WBC_test8"
"V2",0.9878888975527,"WBC_test8"
"V3",0.992596895351491,"WBC_test8"
"V4",0.990728697795085,"WBC_test8"
"V5",0.990161831985466,"WBC_test8"
"V6",0.991411280422481,"WBC_test8"
"V7",0.987665416940682,"WBC_test8"
"V8",0.991175453406792,"WBC_test8"
"V9",0.994687643109169,"WBC_test8"
"V10",0.992429539105964,"WBC_test8"
