"","t.cvCosineSim.","groupName"
"X0",0.992418112847548,"WBC_test11"
"V2",0.99212892634885,"WBC_test11"
"V3",0.991313632658534,"WBC_test11"
"V4",0.991385292008028,"WBC_test11"
"V5",0.990219524565375,"WBC_test11"
"V6",0.990386330658046,"WBC_test11"
"V7",0.992787555864173,"WBC_test11"
"V8",0.99262844713527,"WBC_test11"
"V9",0.988610914100423,"WBC_test11"
"V10",0.9895899232021,"WBC_test11"
