"","t.cvCosineSim.","groupName"
"X0",0.990407742141642,"JohnPiper_test15"
"V2",0.991273998149369,"JohnPiper_test15"
"V3",0.990350819699456,"JohnPiper_test15"
"V4",0.991214805200287,"JohnPiper_test15"
"V5",0.988904910242649,"JohnPiper_test15"
"V6",0.991324405201242,"JohnPiper_test15"
"V7",0.99118888958803,"JohnPiper_test15"
"V8",0.990683270463853,"JohnPiper_test15"
"V9",0.990237440455601,"JohnPiper_test15"
"V10",0.989916173183804,"JohnPiper_test15"
