"","t.cvCosineSim.","groupName"
"X0",0.987789618802171,"Shepherd_test7"
"V2",0.986587136964818,"Shepherd_test7"
"V3",0.986394525866892,"Shepherd_test7"
"V4",0.986717755888173,"Shepherd_test7"
"V5",0.985457958630843,"Shepherd_test7"
"V6",0.985907669204289,"Shepherd_test7"
"V7",0.987603620718176,"Shepherd_test7"
"V8",0.988599816626805,"Shepherd_test7"
"V9",0.986888629683367,"Shepherd_test7"
"V10",0.981444181111834,"Shepherd_test7"
