"","t.cvCosineSim.","groupName"
"X0",0.990754403230404,"DorothyDay_test1"
"V2",0.992683276336996,"DorothyDay_test1"
"V3",0.993668923877577,"DorothyDay_test1"
"V4",0.993836499337901,"DorothyDay_test1"
"V5",0.99302808968416,"DorothyDay_test1"
"V6",0.990605973995018,"DorothyDay_test1"
"V7",0.98929050249662,"DorothyDay_test1"
"V8",0.991909931133267,"DorothyDay_test1"
"V9",0.993282695080039,"DorothyDay_test1"
"V10",0.991320741800234,"DorothyDay_test1"
