"","t.cvCosineSim.","groupName"
"X0",0.990143823141646,"Rabbinic_test2"
"V2",0.987872436446936,"Rabbinic_test2"
"V3",0.988356028932138,"Rabbinic_test2"
"V4",0.989719246616997,"Rabbinic_test2"
"V5",0.986619458207923,"Rabbinic_test2"
"V6",0.991197434807441,"Rabbinic_test2"
"V7",0.987350681637872,"Rabbinic_test2"
"V8",0.991543303852775,"Rabbinic_test2"
"V9",0.991956079113469,"Rabbinic_test2"
"V10",0.986721362329482,"Rabbinic_test2"
