"","t.cvCosineSim.","groupName"
"X0",0.994427501234714,"DorothyDay_test14"
"V2",0.994745643761167,"DorothyDay_test14"
"V3",0.993358350354501,"DorothyDay_test14"
"V4",0.993455086125981,"DorothyDay_test14"
"V5",0.994591022427527,"DorothyDay_test14"
"V6",0.995368369776441,"DorothyDay_test14"
"V7",0.991158241826084,"DorothyDay_test14"
"V8",0.994391100253258,"DorothyDay_test14"
"V9",0.996068410782553,"DorothyDay_test14"
"V10",0.994688290401543,"DorothyDay_test14"
