"","t.cvCosineSim.","groupName"
"X0",0.991056095960115,"WBC_test7"
"V2",0.989768806255229,"WBC_test7"
"V3",0.9909504725121,"WBC_test7"
"V4",0.990755359024869,"WBC_test7"
"V5",0.991233386494755,"WBC_test7"
"V6",0.989535466218114,"WBC_test7"
"V7",0.988504266023871,"WBC_test7"
"V8",0.993825204266183,"WBC_test7"
"V9",0.995040636693243,"WBC_test7"
"V10",0.987636566449113,"WBC_test7"
