"","t.cvCosineSim.","groupName"
"X0",0.989990484260277,"WBC_test12"
"V2",0.988797521796209,"WBC_test12"
"V3",0.989211526047546,"WBC_test12"
"V4",0.988666563316986,"WBC_test12"
"V5",0.989885226254141,"WBC_test12"
"V6",0.989447084962257,"WBC_test12"
"V7",0.995431357513595,"WBC_test12"
"V8",0.988171755410801,"WBC_test12"
"V9",0.994075372644468,"WBC_test12"
"V10",0.994157596389345,"WBC_test12"
