"","t.cvCosineSim.","groupName"
"X0",0.985172753348809,"Shepherd_test21"
"V2",0.986128670807713,"Shepherd_test21"
"V3",0.98613025173793,"Shepherd_test21"
"V4",0.986502598357465,"Shepherd_test21"
"V5",0.985625724630983,"Shepherd_test21"
"V6",0.987234690411931,"Shepherd_test21"
"V7",0.980673423660175,"Shepherd_test21"
"V8",0.986847941891048,"Shepherd_test21"
"V9",0.9873783318286,"Shepherd_test21"
"V10",0.985391091707518,"Shepherd_test21"
