"","t.cvCosineSim.","groupName"
"X0",0.990146191427736,"JohnPiper_test10"
"V2",0.990356753673286,"JohnPiper_test10"
"V3",0.98833349319311,"JohnPiper_test10"
"V4",0.985475881713525,"JohnPiper_test10"
"V5",0.992754391603382,"JohnPiper_test10"
"V6",0.989938738066929,"JohnPiper_test10"
"V7",0.990454207758414,"JohnPiper_test10"
"V8",0.990857122893627,"JohnPiper_test10"
"V9",0.990713630153841,"JohnPiper_test10"
"V10",0.989567355857641,"JohnPiper_test10"
