"","t.cvCosineSim.","groupName"
"X0",0.992960413241003,"DorothyDay_test15"
"V2",0.99385978818021,"DorothyDay_test15"
"V3",0.992413770506358,"DorothyDay_test15"
"V4",0.994926476572868,"DorothyDay_test15"
"V5",0.994638267250768,"DorothyDay_test15"
"V6",0.991753401235571,"DorothyDay_test15"
"V7",0.994419649567015,"DorothyDay_test15"
"V8",0.992206877572872,"DorothyDay_test15"
"V9",0.994420342019314,"DorothyDay_test15"
"V10",0.990625159835436,"DorothyDay_test15"
