"","t.cvCosineSim.","groupName"
"X0",0.988808670226708,"WBC_test2"
"V2",0.991164214619725,"WBC_test2"
"V3",0.989182205581335,"WBC_test2"
"V4",0.993620887861387,"WBC_test2"
"V5",0.98668396548707,"WBC_test2"
"V6",0.987304031644978,"WBC_test2"
"V7",0.993332540257375,"WBC_test2"
"V8",0.991945106347152,"WBC_test2"
"V9",0.987059866184936,"WBC_test2"
"V10",0.991956785469392,"WBC_test2"
