"","t.cvCosineSim.","groupName"
"X0",0.98968948022509,"NaumanKhan_test1"
"V2",0.989577290655955,"NaumanKhan_test1"
"V3",0.990404748895697,"NaumanKhan_test1"
"V4",0.990594971063463,"NaumanKhan_test1"
"V5",0.990779032355242,"NaumanKhan_test1"
"V6",0.99095889765598,"NaumanKhan_test1"
"V7",0.990553289055626,"NaumanKhan_test1"
"V8",0.990661373150992,"NaumanKhan_test1"
"V9",0.98872875675674,"NaumanKhan_test1"
"V10",0.989986652046123,"NaumanKhan_test1"
