"","t.cvCosineSim.","groupName"
"X0",0.987312592442173,"Unitarian_test2"
"V2",0.983999180075068,"Unitarian_test2"
"V3",0.987089178043264,"Unitarian_test2"
"V4",0.988328152987553,"Unitarian_test2"
"V5",0.988774986871402,"Unitarian_test2"
"V6",0.985242777876199,"Unitarian_test2"
"V7",0.985709420993687,"Unitarian_test2"
"V8",0.988635117328198,"Unitarian_test2"
"V9",0.984771811326509,"Unitarian_test2"
"V10",0.986487325340538,"Unitarian_test2"
