"","t.cvCosineSim.","groupName"
"X0",0.993189228424482,"JohnPiper_test12"
"V2",0.990180074309319,"JohnPiper_test12"
"V3",0.988584706290641,"JohnPiper_test12"
"V4",0.989234450341664,"JohnPiper_test12"
"V5",0.991076570485863,"JohnPiper_test12"
"V6",0.991115525512815,"JohnPiper_test12"
"V7",0.990799439284303,"JohnPiper_test12"
"V8",0.986954026082286,"JohnPiper_test12"
"V9",0.989889207626107,"JohnPiper_test12"
"V10",0.989706010031962,"JohnPiper_test12"
