"","t.cvCosineSim.","groupName"
"X0",0.992333913398388,"DorothyDay_test9"
"V2",0.99381513553206,"DorothyDay_test9"
"V3",0.992868262048877,"DorothyDay_test9"
"V4",0.995191389652558,"DorothyDay_test9"
"V5",0.994105242542035,"DorothyDay_test9"
"V6",0.991747015889467,"DorothyDay_test9"
"V7",0.993962741337614,"DorothyDay_test9"
"V8",0.993600408358246,"DorothyDay_test9"
"V9",0.994276492564156,"DorothyDay_test9"
"V10",0.992411594328772,"DorothyDay_test9"
