"","t.cvCosineSim.","groupName"
"X0",0.991877586176795,"DorothyDay_test17"
"V2",0.992564226109672,"DorothyDay_test17"
"V3",0.993055462271171,"DorothyDay_test17"
"V4",0.993228018071008,"DorothyDay_test17"
"V5",0.992247504972724,"DorothyDay_test17"
"V6",0.987157549547452,"DorothyDay_test17"
"V7",0.987367483817167,"DorothyDay_test17"
"V8",0.994633514899131,"DorothyDay_test17"
"V9",0.993564938243015,"DorothyDay_test17"
"V10",0.993421318613266,"DorothyDay_test17"
