"","t.cvCosineSim.","groupName"
"X0",0.986033681200818,"Shepherd_test19"
"V2",0.986964804986677,"Shepherd_test19"
"V3",0.985134985094989,"Shepherd_test19"
"V4",0.986059386126544,"Shepherd_test19"
"V5",0.987104651167953,"Shepherd_test19"
"V6",0.98819784509001,"Shepherd_test19"
"V7",0.986924810719099,"Shepherd_test19"
"V8",0.989692156458771,"Shepherd_test19"
"V9",0.98785816371654,"Shepherd_test19"
"V10",0.985744522016559,"Shepherd_test19"
