"","t.cvCosineSim.","groupName"
"X0",0.989728598837359,"Shepherd_test9"
"V2",0.986602507612282,"Shepherd_test9"
"V3",0.987902718457832,"Shepherd_test9"
"V4",0.988355891884537,"Shepherd_test9"
"V5",0.989081191558346,"Shepherd_test9"
"V6",0.988035162797767,"Shepherd_test9"
"V7",0.990698918804543,"Shepherd_test9"
"V8",0.989197476257177,"Shepherd_test9"
"V9",0.991192735741223,"Shepherd_test9"
"V10",0.988065099524082,"Shepherd_test9"
