"","t.cvCosineSim.","groupName"
"X0",0.992365050286481,"WBC_test6"
"V2",0.993204274704455,"WBC_test6"
"V3",0.994291388303044,"WBC_test6"
"V4",0.990390033022936,"WBC_test6"
"V5",0.989883951396881,"WBC_test6"
"V6",0.989419210958033,"WBC_test6"
"V7",0.992859534284111,"WBC_test6"
"V8",0.992368134552939,"WBC_test6"
"V9",0.989624874594314,"WBC_test6"
"V10",0.989609056589405,"WBC_test6"
