"","t.cvCosineSim.","groupName"
"X0",0.986239341506915,"Shepherd_test6"
"V2",0.988910006048362,"Shepherd_test6"
"V3",0.990083308718369,"Shepherd_test6"
"V4",0.986639397522523,"Shepherd_test6"
"V5",0.992037150785388,"Shepherd_test6"
"V6",0.984262725091878,"Shepherd_test6"
"V7",0.973233585933868,"Shepherd_test6"
"V8",0.981804701657448,"Shepherd_test6"
"V9",0.98611379263871,"Shepherd_test6"
"V10",0.983800125513696,"Shepherd_test6"
