"","t.cvCosineSim.","groupName"
"X0",0.992692848010053,"DorothyDay_test21"
"V2",0.991595730035688,"DorothyDay_test21"
"V3",0.992373522419543,"DorothyDay_test21"
"V4",0.993302401264354,"DorothyDay_test21"
"V5",0.989992026998846,"DorothyDay_test21"
"V6",0.991096871903355,"DorothyDay_test21"
"V7",0.993252515160022,"DorothyDay_test21"
"V8",0.993697929555444,"DorothyDay_test21"
"V9",0.991720961199441,"DorothyDay_test21"
"V10",0.992404160841888,"DorothyDay_test21"
