"","t.cvCosineSim.","groupName"
"X0",0.986814028219069,"Unitarian_test6"
"V2",0.986206270837064,"Unitarian_test6"
"V3",0.984223524169455,"Unitarian_test6"
"V4",0.988492131957353,"Unitarian_test6"
"V5",0.990747829682542,"Unitarian_test6"
"V6",0.986684269437115,"Unitarian_test6"
"V7",0.986402358092386,"Unitarian_test6"
"V8",0.990626215994626,"Unitarian_test6"
"V9",0.986770620381022,"Unitarian_test6"
"V10",0.988835401290021,"Unitarian_test6"
