"","vars","varValues","varHrs"
"1","semACOM.TIMED",0.726999999999862,0.0662377777777652
"2","semContent.TIMED",1233.382,112.374804444444
"3","sentiment.TIMED",4.748,0.432595555555556
