"","accuracy","test"
"1",0.714285714285714,"ANN"
"2",0,"OL"
"3",0.857142857142857,"RF"
"4",0.795918367346939,"SVM"
