"","accuracy","test"
"1",0.663265306122449,"ANN"
"2",0,"OL"
"3",0.857142857142857,"RF"
"4",0.836734693877551,"SVM"
