"","accuracy","test"
"1",0.663265306122449,"ANN"
"2",0,"OL"
"3",0.693877551020408,"RF"
"4",0.551020408163265,"SVM"
