"","accuracy","test"
"1",0.663265306122449,"ANN"
"2",0,"OL"
"3",0.489795918367347,"RF"
"4",0.653061224489796,"SVM"
