"","accuracy","test"
"1",0.510204081632653,"ANN"
"2",0,"OL"
"3",0.510204081632653,"RF"
"4",0.5,"SVM"
