"","accuracy","test"
"1",0.663265306122449,"ANN"
"2",0,"OL"
"3",0.612244897959184,"RF"
"4",0.704081632653061,"SVM"
