"","accuracy","test"
"1",0.612244897959184,"ANN"
"2",0,"OL"
"3",0.602040816326531,"RF"
"4",0.622448979591837,"SVM"
