"","accuracy","test"
"1",0.663265306122449,"ANN"
"2",0,"OL"
"3",0.581632653061224,"RF"
"4",0.540816326530612,"SVM"
