"","accuracy","test"
"1",0.724489795918367,"ANN"
"2",0,"OL"
"3",0.744897959183674,"RF"
"4",0.73469387755102,"SVM"
