"","accuracy","test"
"1",0.663265306122449,"ANN"
"2",0,"OL"
"3",0.724489795918367,"RF"
"4",0.76530612244898,"SVM"
