"","accuracy","test"
"1",0.653061224489796,"ANN"
"2",0,"OL"
"3",0.683673469387755,"RF"
"4",0.714285714285714,"SVM"
