"","accuracy","test"
"1",0.663265306122449,"ANN"
"2",0,"OL"
"3",0.520408163265306,"RF"
"4",0.653061224489796,"SVM"
