"","accuracy","test"
"1",0.224489795918367,"ANN"
"2",0,"OL"
"3",0.571428571428571,"RF"
"4",0.551020408163265,"SVM"
