"","accuracy","test"
"1",0.663265306122449,"ANN"
"2",0,"OL"
"3",0.673469387755102,"RF"
"4",0.73469387755102,"SVM"
