"","accuracy","test"
"1",0.479591836734694,"ANN"
"2",0,"OL"
"3",0.612244897959184,"RF"
"4",0.540816326530612,"SVM"
