"","accuracy","test"
"1",0.683673469387755,"ANN"
"2",0,"OL"
"3",0.581632653061224,"RF"
"4",0.683673469387755,"SVM"
