"","t.cvCosineSim.","groupName"
"X0",0.985625602357654,"Shepherd_test10"
"V2",0.9843261540147,"Shepherd_test10"
"V3",0.986705282847284,"Shepherd_test10"
"V4",0.983307411194399,"Shepherd_test10"
"V5",0.988627740995261,"Shepherd_test10"
"V6",0.987380631021647,"Shepherd_test10"
"V7",0.98793107665949,"Shepherd_test10"
"V8",0.986681387848545,"Shepherd_test10"
"V9",0.988941542663705,"Shepherd_test10"
"V10",0.984525541255045,"Shepherd_test10"
