"","t.cvCosineSim.","groupName"
"X0",0.991724151965049,"DorothyDay_test20"
"V2",0.991909463446566,"DorothyDay_test20"
"V3",0.993686230524623,"DorothyDay_test20"
"V4",0.99138839523897,"DorothyDay_test20"
"V5",0.99288615364152,"DorothyDay_test20"
"V6",0.991072683789555,"DorothyDay_test20"
"V7",0.994950540661978,"DorothyDay_test20"
"V8",0.992941014812016,"DorothyDay_test20"
"V9",0.994124432351901,"DorothyDay_test20"
"V10",0.991529790519962,"DorothyDay_test20"
