"","t.cvCosineSim.","groupName"
"X0",0.990444910829844,"JohnPiper_test15"
"V2",0.991409336835808,"JohnPiper_test15"
"V3",0.990302648889682,"JohnPiper_test15"
"V4",0.991092559356773,"JohnPiper_test15"
"V5",0.9894068117478,"JohnPiper_test15"
"V6",0.991538461785016,"JohnPiper_test15"
"V7",0.990544320217394,"JohnPiper_test15"
"V8",0.990821043075864,"JohnPiper_test15"
"V9",0.990131690765325,"JohnPiper_test15"
"V10",0.989703626576605,"JohnPiper_test15"
