"","t.cvCosineSim.","groupName"
"X0",0.985621657839599,"Shepherd_test21"
"V2",0.985732453106848,"Shepherd_test21"
"V3",0.985883529937394,"Shepherd_test21"
"V4",0.986819256191561,"Shepherd_test21"
"V5",0.985962495448671,"Shepherd_test21"
"V6",0.987376688719127,"Shepherd_test21"
"V7",0.981083750375705,"Shepherd_test21"
"V8",0.98697464995929,"Shepherd_test21"
"V9",0.987398847279888,"Shepherd_test21"
"V10",0.985687141784615,"Shepherd_test21"
