"","t.cvCosineSim.","groupName"
"X0",0.992346675319243,"JohnPiper_test3"
"V2",0.991051267710787,"JohnPiper_test3"
"V3",0.993754973759254,"JohnPiper_test3"
"V4",0.993251820528864,"JohnPiper_test3"
"V5",0.992710640140048,"JohnPiper_test3"
"V6",0.991234569634999,"JohnPiper_test3"
"V7",0.990359691489708,"JohnPiper_test3"
"V8",0.992149999159703,"JohnPiper_test3"
"V9",0.993300253966168,"JohnPiper_test3"
"V10",0.992817300394848,"JohnPiper_test3"
