"","t.cvCosineSim.","groupName"
"X0",0.991544204369531,"DorothyDay_test4"
"V2",0.99263026327353,"DorothyDay_test4"
"V3",0.989069220205255,"DorothyDay_test4"
"V4",0.995631676578859,"DorothyDay_test4"
"V5",0.993552091951529,"DorothyDay_test4"
"V6",0.992500631267057,"DorothyDay_test4"
"V7",0.992074415015503,"DorothyDay_test4"
"V8",0.99312683135277,"DorothyDay_test4"
"V9",0.993611615169993,"DorothyDay_test4"
"V10",0.994898574485046,"DorothyDay_test4"
