"","t.cvCosineSim.","groupName"
"X0",0.986875307950848,"Shepherd_test18"
"V2",0.983895411851622,"Shepherd_test18"
"V3",0.985449951735313,"Shepherd_test18"
"V4",0.981925601277296,"Shepherd_test18"
"V5",0.985707974740027,"Shepherd_test18"
"V6",0.982043819646187,"Shepherd_test18"
"V7",0.985013989877376,"Shepherd_test18"
"V8",0.986833358738655,"Shepherd_test18"
"V9",0.983896593754858,"Shepherd_test18"
"V10",0.985327078943446,"Shepherd_test18"
