"","t.cvCosineSim.","groupName"
"X0",0.992293087629816,"DorothyDay_test9"
"V2",0.993634428275324,"DorothyDay_test9"
"V3",0.992879352565908,"DorothyDay_test9"
"V4",0.995435935667173,"DorothyDay_test9"
"V5",0.994213006398351,"DorothyDay_test9"
"V6",0.992783401527812,"DorothyDay_test9"
"V7",0.993788154147729,"DorothyDay_test9"
"V8",0.993765785444439,"DorothyDay_test9"
"V9",0.994033683684949,"DorothyDay_test9"
"V10",0.992363727869622,"DorothyDay_test9"
