"","t.cvCosineSim.","groupName"
"X0",0.993240964352354,"JohnPiper_test16"
"V2",0.990670994149018,"JohnPiper_test16"
"V3",0.990608492764128,"JohnPiper_test16"
"V4",0.989147321009624,"JohnPiper_test16"
"V5",0.989580057966829,"JohnPiper_test16"
"V6",0.991788473181968,"JohnPiper_test16"
"V7",0.993703702527429,"JohnPiper_test16"
"V8",0.988388239673543,"JohnPiper_test16"
"V9",0.991236712630216,"JohnPiper_test16"
"V10",0.994134625285725,"JohnPiper_test16"
