"","t.cvCosineSim.","groupName"
"X0",0.989645464767941,"Unitarian_test3"
"V2",0.985261668411719,"Unitarian_test3"
"V3",0.987927673750601,"Unitarian_test3"
"V4",0.986807252626731,"Unitarian_test3"
"V5",0.985033367623556,"Unitarian_test3"
"V6",0.990816432094327,"Unitarian_test3"
"V7",0.990949119426339,"Unitarian_test3"
"V8",0.98616695042446,"Unitarian_test3"
"V9",0.988040691094534,"Unitarian_test3"
"V10",0.988840302850393,"Unitarian_test3"
