"","t.cvCosineSim.","groupName"
"X0",0.993180157510613,"DorothyDay_test21"
"V2",0.991711737555165,"DorothyDay_test21"
"V3",0.992819249912336,"DorothyDay_test21"
"V4",0.993018651504896,"DorothyDay_test21"
"V5",0.99011337690529,"DorothyDay_test21"
"V6",0.991203229796171,"DorothyDay_test21"
"V7",0.993184480925202,"DorothyDay_test21"
"V8",0.99399538445591,"DorothyDay_test21"
"V9",0.99183340664439,"DorothyDay_test21"
"V10",0.992296380860387,"DorothyDay_test21"
