"","t.cvCosineSim.","groupName"
"X0",0.984773425119556,"NaumanKhan_test3"
"V2",0.984639477560387,"NaumanKhan_test3"
"V3",0.986739093263901,"NaumanKhan_test3"
"V4",0.986971362775721,"NaumanKhan_test3"
"V5",0.985399934317979,"NaumanKhan_test3"
"V6",0.985252090807937,"NaumanKhan_test3"
"V7",0.988413466285646,"NaumanKhan_test3"
"V8",0.989664312256959,"NaumanKhan_test3"
"V9",0.980167833036648,"NaumanKhan_test3"
"V10",0.987067491315879,"NaumanKhan_test3"
