"","t.cvCosineSim.","groupName"
"X0",0.992548851208976,"DorothyDay_train42"
"V2",0.993723142110169,"DorothyDay_train42"
"V3",0.992375473387449,"DorothyDay_train42"
"V4",0.993429119816459,"DorothyDay_train42"
"V5",0.994868867190768,"DorothyDay_train42"
"V6",0.994052945509254,"DorothyDay_train42"
"V7",0.990937563672949,"DorothyDay_train42"
"V8",0.993630778108591,"DorothyDay_train42"
"V9",0.992122776652795,"DorothyDay_train42"
"V10",0.993435680480484,"DorothyDay_train42"
