"","t.cvCosineSim.","groupName"
"X0",0.98616757385502,"Shepherd_test1"
"V2",0.985120706183404,"Shepherd_test1"
"V3",0.985729759522547,"Shepherd_test1"
"V4",0.976502092366525,"Shepherd_test1"
"V5",0.986917537518487,"Shepherd_test1"
"V6",0.987756431447464,"Shepherd_test1"
"V7",0.982779958828114,"Shepherd_test1"
"V8",0.987042471770424,"Shepherd_test1"
"V9",0.989585623434314,"Shepherd_test1"
"V10",0.987064472297277,"Shepherd_test1"
