"","t.cvCosineSim.","groupName"
"X0",0.987964107636917,"WBC_test1"
"V2",0.990558829002706,"WBC_test1"
"V3",0.991076171947075,"WBC_test1"
"V4",0.991934011843979,"WBC_test1"
"V5",0.988666040163782,"WBC_test1"
"V6",0.992613812553008,"WBC_test1"
"V7",0.98561071226822,"WBC_test1"
"V8",0.988467937963273,"WBC_test1"
"V9",0.991874026459361,"WBC_test1"
"V10",0.991325369670093,"WBC_test1"
