"","t.cvCosineSim.","groupName"
"X0",0.990152989625825,"Rabbinic_test2"
"V2",0.987793607831635,"Rabbinic_test2"
"V3",0.98894414858777,"Rabbinic_test2"
"V4",0.989331936765263,"Rabbinic_test2"
"V5",0.987237357230633,"Rabbinic_test2"
"V6",0.991440180336114,"Rabbinic_test2"
"V7",0.987318594446588,"Rabbinic_test2"
"V8",0.99170174575554,"Rabbinic_test2"
"V9",0.991766566259737,"Rabbinic_test2"
"V10",0.986733202667776,"Rabbinic_test2"
