"","t.cvCosineSim.","groupName"
"X0",0.992671284917916,"DorothyDay_test2"
"V2",0.991761243883488,"DorothyDay_test2"
"V3",0.993312554325766,"DorothyDay_test2"
"V4",0.992939343600629,"DorothyDay_test2"
"V5",0.995143904185909,"DorothyDay_test2"
"V6",0.995081621112241,"DorothyDay_test2"
"V7",0.992629990723752,"DorothyDay_test2"
"V8",0.99154704915905,"DorothyDay_test2"
"V9",0.994439250276889,"DorothyDay_test2"
"V10",0.994313847682893,"DorothyDay_test2"
