"","t.cvCosineSim.","groupName"
"X0",0.98892533547947,"Shepherd_test17"
"V2",0.986848514380215,"Shepherd_test17"
"V3",0.989533015498016,"Shepherd_test17"
"V4",0.989685848919114,"Shepherd_test17"
"V5",0.988176068955775,"Shepherd_test17"
"V6",0.987449290680053,"Shepherd_test17"
"V7",0.989182116151171,"Shepherd_test17"
"V8",0.98858617713419,"Shepherd_test17"
"V9",0.987761521098801,"Shepherd_test17"
"V10",0.988640499720927,"Shepherd_test17"
