"","t.cvCosineSim.","groupName"
"X0",0.988865081131337,"JohnPiper_test14"
"V2",0.991240412531523,"JohnPiper_test14"
"V3",0.99163410668786,"JohnPiper_test14"
"V4",0.991249254489714,"JohnPiper_test14"
"V5",0.991778255279247,"JohnPiper_test14"
"V6",0.992459537777386,"JohnPiper_test14"
"V7",0.994314709095815,"JohnPiper_test14"
"V8",0.992527956667003,"JohnPiper_test14"
"V9",0.989821513706169,"JohnPiper_test14"
"V10",0.992612270625684,"JohnPiper_test14"
