"","t.cvCosineSim.","groupName"
"X0",0.992087673260335,"WBC_test6"
"V2",0.992897101760277,"WBC_test6"
"V3",0.993790641532714,"WBC_test6"
"V4",0.990309224711979,"WBC_test6"
"V5",0.989863363246196,"WBC_test6"
"V6",0.989442591186791,"WBC_test6"
"V7",0.992951146082567,"WBC_test6"
"V8",0.992127330305853,"WBC_test6"
"V9",0.98926967308819,"WBC_test6"
"V10",0.990361951709597,"WBC_test6"
