"","t.cvCosineSim.","groupName"
"X0",0.985983303653997,"Shepherd_test6"
"V2",0.988533816295891,"Shepherd_test6"
"V3",0.989599067813738,"Shepherd_test6"
"V4",0.986495328714289,"Shepherd_test6"
"V5",0.991643594659444,"Shepherd_test6"
"V6",0.985229821163905,"Shepherd_test6"
"V7",0.97477420933646,"Shepherd_test6"
"V8",0.979723167107114,"Shepherd_test6"
"V9",0.986436680181004,"Shepherd_test6"
"V10",0.983465654532435,"Shepherd_test6"
