"","t.cvCosineSim.","groupName"
"X0",0.987442008177837,"JohnPiper_test9"
"V2",0.988530870630655,"JohnPiper_test9"
"V3",0.990043174637848,"JohnPiper_test9"
"V4",0.984219499633311,"JohnPiper_test9"
"V5",0.989424643494294,"JohnPiper_test9"
"V6",0.992187771492706,"JohnPiper_test9"
"V7",0.984125503230169,"JohnPiper_test9"
"V8",0.989482195893003,"JohnPiper_test9"
"V9",0.988353814274978,"JohnPiper_test9"
"V10",0.988501758982729,"JohnPiper_test9"
