"","t.cvCosineSim.","groupName"
"X0",0.988028709746204,"DorothyDay_test23"
"V2",0.992731361079286,"DorothyDay_test23"
"V3",0.992096450381452,"DorothyDay_test23"
"V4",0.990731161125986,"DorothyDay_test23"
"V5",0.992337281770433,"DorothyDay_test23"
"V6",0.99236931993956,"DorothyDay_test23"
"V7",0.993705250183918,"DorothyDay_test23"
"V8",0.98891285807063,"DorothyDay_test23"
"V9",0.993580334438308,"DorothyDay_test23"
"V10",0.992212639605161,"DorothyDay_test23"
