"","t.cvCosineSim.","groupName"
"X0",0.985975288557931,"Shepherd_test5"
"V2",0.987272664628853,"Shepherd_test5"
"V3",0.983133601743954,"Shepherd_test5"
"V4",0.985805305988977,"Shepherd_test5"
"V5",0.987473313897202,"Shepherd_test5"
"V6",0.985363441369997,"Shepherd_test5"
"V7",0.986234408118185,"Shepherd_test5"
"V8",0.987552543623316,"Shepherd_test5"
"V9",0.982675382028355,"Shepherd_test5"
"V10",0.984915109518604,"Shepherd_test5"
