"","t.cvCosineSim.","groupName"
"X0",0.988331738404864,"Unitarian_test7"
"V2",0.988262532348975,"Unitarian_test7"
"V3",0.989928526883189,"Unitarian_test7"
"V4",0.990340144460493,"Unitarian_test7"
"V5",0.989070923320349,"Unitarian_test7"
"V6",0.990832786781726,"Unitarian_test7"
"V7",0.989051947110286,"Unitarian_test7"
"V8",0.990844447179993,"Unitarian_test7"
"V9",0.987069263264294,"Unitarian_test7"
"V10",0.988276700344019,"Unitarian_test7"
