"","t.cvCosineSim.","groupName"
"X0",0.990541168820236,"DorothyDay_test18"
"V2",0.994528008264397,"DorothyDay_test18"
"V3",0.989237827967969,"DorothyDay_test18"
"V4",0.992323611541211,"DorothyDay_test18"
"V5",0.989884995064566,"DorothyDay_test18"
"V6",0.990146673512912,"DorothyDay_test18"
"V7",0.991973086193157,"DorothyDay_test18"
"V8",0.9923770513443,"DorothyDay_test18"
"V9",0.993655146168238,"DorothyDay_test18"
"V10",0.993359202921974,"DorothyDay_test18"
