"","t.cvCosineSim.","groupName"
"X0",0.994377357819522,"DorothyDay_test13"
"V2",0.992259034475551,"DorothyDay_test13"
"V3",0.993284424360646,"DorothyDay_test13"
"V4",0.994238232065184,"DorothyDay_test13"
"V5",0.992920652026561,"DorothyDay_test13"
"V6",0.992007248170693,"DorothyDay_test13"
"V7",0.991929578720008,"DorothyDay_test13"
"V8",0.995883810476564,"DorothyDay_test13"
"V9",0.995426275593384,"DorothyDay_test13"
"V10",0.994231984542177,"DorothyDay_test13"
