"","t.cvCosineSim.","groupName"
"X0",0.99268636569933,"WBC_test11"
"V2",0.992028516521964,"WBC_test11"
"V3",0.991088008607373,"WBC_test11"
"V4",0.991832247977977,"WBC_test11"
"V5",0.990321918680105,"WBC_test11"
"V6",0.98982926669271,"WBC_test11"
"V7",0.992801427312267,"WBC_test11"
"V8",0.992968857136002,"WBC_test11"
"V9",0.989204228381672,"WBC_test11"
"V10",0.989244013366265,"WBC_test11"
