"","t.cvCosineSim.","groupName"
"X0",0.994213864393346,"DorothyDay_test3"
"V2",0.994720989672945,"DorothyDay_test3"
"V3",0.992718067480613,"DorothyDay_test3"
"V4",0.992588751726149,"DorothyDay_test3"
"V5",0.991067670442155,"DorothyDay_test3"
"V6",0.995485972546149,"DorothyDay_test3"
"V7",0.994285896236864,"DorothyDay_test3"
"V8",0.991887081067073,"DorothyDay_test3"
"V9",0.991069898972307,"DorothyDay_test3"
"V10",0.996127217928674,"DorothyDay_test3"
