"","t.cvCosineSim.","groupName"
"X0",0.987477195602423,"Shepherd_test22"
"V2",0.988261417983233,"Shepherd_test22"
"V3",0.989336682838354,"Shepherd_test22"
"V4",0.987757014656498,"Shepherd_test22"
"V5",0.989707403890857,"Shepherd_test22"
"V6",0.988251342278532,"Shepherd_test22"
"V7",0.990729359281879,"Shepherd_test22"
"V8",0.989845976614172,"Shepherd_test22"
"V9",0.987630446309105,"Shepherd_test22"
"V10",0.988202866579145,"Shepherd_test22"
