"","t.cvCosineSim.","groupName"
"X0",0.989443991041769,"WBC_test12"
"V2",0.989181112395692,"WBC_test12"
"V3",0.989623980748718,"WBC_test12"
"V4",0.988817408057314,"WBC_test12"
"V5",0.989446946348495,"WBC_test12"
"V6",0.989316664405501,"WBC_test12"
"V7",0.994942495911889,"WBC_test12"
"V8",0.987741852673404,"WBC_test12"
"V9",0.994552839594952,"WBC_test12"
"V10",0.994099846502403,"WBC_test12"
