"","t.cvCosineSim.","groupName"
"X0",0.985954286420807,"Shepherd_test8"
"V2",0.984743250920908,"Shepherd_test8"
"V3",0.985158170745083,"Shepherd_test8"
"V4",0.986193761256722,"Shepherd_test8"
"V5",0.987118048122257,"Shepherd_test8"
"V6",0.984024293293446,"Shepherd_test8"
"V7",0.983686715427501,"Shepherd_test8"
"V8",0.987957848958659,"Shepherd_test8"
"V9",0.988575229800333,"Shepherd_test8"
"V10",0.98473759743758,"Shepherd_test8"
