"","t.cvCosineSim.","groupName"
"X0",0.988495041248265,"WBC_test2"
"V2",0.991106669650502,"WBC_test2"
"V3",0.989101566372077,"WBC_test2"
"V4",0.994070518407098,"WBC_test2"
"V5",0.986982878245226,"WBC_test2"
"V6",0.986783017292455,"WBC_test2"
"V7",0.993470890295068,"WBC_test2"
"V8",0.992034584621477,"WBC_test2"
"V9",0.986652578861256,"WBC_test2"
"V10",0.992069962341916,"WBC_test2"
