"","t.cvCosineSim.","groupName"
"X0",0.993492735541705,"DorothyDay_test12"
"V2",0.993182316619607,"DorothyDay_test12"
"V3",0.992934704827628,"DorothyDay_test12"
"V4",0.993131703480143,"DorothyDay_test12"
"V5",0.993295355392168,"DorothyDay_test12"
"V6",0.992014702961636,"DorothyDay_test12"
"V7",0.993212288514023,"DorothyDay_test12"
"V8",0.993665914772168,"DorothyDay_test12"
"V9",0.991450694438222,"DorothyDay_test12"
"V10",0.994203896390444,"DorothyDay_test12"
