"","t.cvCosineSim.","groupName"
"X0",0.986920555554975,"JohnPiper_test13"
"V2",0.994975355100881,"JohnPiper_test13"
"V3",0.988864939059061,"JohnPiper_test13"
"V4",0.988273166016835,"JohnPiper_test13"
"V5",0.986170110863622,"JohnPiper_test13"
"V6",0.992771077143839,"JohnPiper_test13"
"V7",0.986177833987292,"JohnPiper_test13"
"V8",0.994525773349638,"JohnPiper_test13"
"V9",0.983291430839649,"JohnPiper_test13"
"V10",0.98916424583111,"JohnPiper_test13"
