"","t.cvCosineSim.","groupName"
"X0",0.994852399663661,"DorothyDay_test19"
"V2",0.994003125202265,"DorothyDay_test19"
"V3",0.99454276872198,"DorothyDay_test19"
"V4",0.99426607440097,"DorothyDay_test19"
"V5",0.993929347525184,"DorothyDay_test19"
"V6",0.994807909372931,"DorothyDay_test19"
"V7",0.993783172954971,"DorothyDay_test19"
"V8",0.994074449026417,"DorothyDay_test19"
"V9",0.995620239527806,"DorothyDay_test19"
"V10",0.993960450565033,"DorothyDay_test19"
