"","t.cvCosineSim.","groupName"
"X0",0.992777024672196,"DorothyDay_test22"
"V2",0.995173999862472,"DorothyDay_test22"
"V3",0.991106775403286,"DorothyDay_test22"
"V4",0.989109918918394,"DorothyDay_test22"
"V5",0.994291160227187,"DorothyDay_test22"
"V6",0.989512715394876,"DorothyDay_test22"
"V7",0.990531881674697,"DorothyDay_test22"
"V8",0.989777606488435,"DorothyDay_test22"
"V9",0.989178798955428,"DorothyDay_test22"
"V10",0.993426673406809,"DorothyDay_test22"
