"","t.cvCosineSim.","groupName"
"X0",0.993258579172123,"DorothyDay_test7"
"V2",0.992342019036883,"DorothyDay_test7"
"V3",0.992367693223233,"DorothyDay_test7"
"V4",0.992733596947102,"DorothyDay_test7"
"V5",0.993441950247914,"DorothyDay_test7"
"V6",0.994226048197707,"DorothyDay_test7"
"V7",0.992715489719359,"DorothyDay_test7"
"V8",0.993854284712224,"DorothyDay_test7"
"V9",0.994405748221987,"DorothyDay_test7"
"V10",0.993999693983085,"DorothyDay_test7"
