"","t.cvCosineSim.","groupName"
"X0",0.991223591437495,"DorothyDay_test17"
"V2",0.992816805946548,"DorothyDay_test17"
"V3",0.993062991618279,"DorothyDay_test17"
"V4",0.993296950675886,"DorothyDay_test17"
"V5",0.992426883783614,"DorothyDay_test17"
"V6",0.987085843599435,"DorothyDay_test17"
"V7",0.98796185277892,"DorothyDay_test17"
"V8",0.9946926170568,"DorothyDay_test17"
"V9",0.993514177753851,"DorothyDay_test17"
"V10",0.993196440470817,"DorothyDay_test17"
