"","t.cvCosineSim.","groupName"
"X0",0.986264272594132,"Shepherd_test20"
"V2",0.98490438476552,"Shepherd_test20"
"V3",0.9832331640853,"Shepherd_test20"
"V4",0.987013475285512,"Shepherd_test20"
"V5",0.982075898217404,"Shepherd_test20"
"V6",0.985390180168681,"Shepherd_test20"
"V7",0.980551568270979,"Shepherd_test20"
"V8",0.985489801599128,"Shepherd_test20"
"V9",0.985025563904857,"Shepherd_test20"
"V10",0.984954766302297,"Shepherd_test20"
