"","group","avgPercJ","avgNumJ"
"1","WBC_test13",0.479483333333333,69.6666666666667
