"","t.cvCosineSim.","groupName"
"X0",0.989482409812053,"Unitarian_test1"
"V2",0.988941975098769,"Unitarian_test1"
"V3",0.990295206736251,"Unitarian_test1"
"V4",0.987570771263832,"Unitarian_test1"
"V5",0.990336914661865,"Unitarian_test1"
"V6",0.987180260891606,"Unitarian_test1"
"V7",0.989731137364267,"Unitarian_test1"
"V8",0.990393395307895,"Unitarian_test1"
"V9",0.990402689958463,"Unitarian_test1"
"V10",0.988737618614026,"Unitarian_test1"
