"","t.cvCosineSim.","groupName"
"X0",0.986405917351857,"Shepherd_test17"
"V2",0.985778560547461,"Shepherd_test17"
"V3",0.987863763771558,"Shepherd_test17"
"V4",0.988494312310994,"Shepherd_test17"
"V5",0.987894579225358,"Shepherd_test17"
"V6",0.984436104027139,"Shepherd_test17"
"V7",0.989839541713156,"Shepherd_test17"
"V8",0.986344832444128,"Shepherd_test17"
"V9",0.989677063659432,"Shepherd_test17"
"V10",0.988480041516742,"Shepherd_test17"
