"","t.cvCosineSim.","groupName"
"X0",0.991327327931132,"DorothyDay_test5"
"V2",0.992700569944379,"DorothyDay_test5"
"V3",0.99485626819142,"DorothyDay_test5"
"V4",0.994805613960244,"DorothyDay_test5"
"V5",0.992048240124965,"DorothyDay_test5"
"V6",0.99275990493372,"DorothyDay_test5"
"V7",0.995787385124519,"DorothyDay_test5"
"V8",0.993577938688502,"DorothyDay_test5"
"V9",0.994456576665561,"DorothyDay_test5"
"V10",0.992844898835484,"DorothyDay_test5"
