"","t.cvCosineSim.","groupName"
"X0",0.989755274062503,"WBC_test3"
"V2",0.989165364407824,"WBC_test3"
"V3",0.989327297346286,"WBC_test3"
"V4",0.992801994878373,"WBC_test3"
"V5",0.989209605300622,"WBC_test3"
"V6",0.988285146898872,"WBC_test3"
"V7",0.988756209038946,"WBC_test3"
"V8",0.989292400869367,"WBC_test3"
"V9",0.99288309781059,"WBC_test3"
"V10",0.988529421352107,"WBC_test3"
