"","t.cvCosineSim.","groupName"
"X0",0.984831525884362,"Shepherd_test3"
"V2",0.986528084066126,"Shepherd_test3"
"V3",0.983098925549916,"Shepherd_test3"
"V4",0.982477078248599,"Shepherd_test3"
"V5",0.986555010717407,"Shepherd_test3"
"V6",0.988083254198549,"Shepherd_test3"
"V7",0.985806622567236,"Shepherd_test3"
"V8",0.985904005768072,"Shepherd_test3"
"V9",0.989007721790561,"Shepherd_test3"
"V10",0.986023754829763,"Shepherd_test3"
