"","t.cvCosineSim.","groupName"
"X0",0.993748165476797,"WBC_test8"
"V2",0.989486196377198,"WBC_test8"
"V3",0.990857956893783,"WBC_test8"
"V4",0.991499031022404,"WBC_test8"
"V5",0.99059697121478,"WBC_test8"
"V6",0.990265216015868,"WBC_test8"
"V7",0.991035533238852,"WBC_test8"
"V8",0.992571026180223,"WBC_test8"
"V9",0.991879694427472,"WBC_test8"
"V10",0.990912842101575,"WBC_test8"
