"","t.cvCosineSim.","groupName"
"X0",0.988833623620125,"Shepherd_test12"
"V2",0.986673419568609,"Shepherd_test12"
"V3",0.986460925309369,"Shepherd_test12"
"V4",0.990670064975298,"Shepherd_test12"
"V5",0.986512336232934,"Shepherd_test12"
"V6",0.989470306902753,"Shepherd_test12"
"V7",0.987671447566871,"Shepherd_test12"
"V8",0.984913725351727,"Shepherd_test12"
"V9",0.987968226534049,"Shepherd_test12"
"V10",0.988674358863454,"Shepherd_test12"
