"","t.cvCosineSim.","groupName"
"X0",0.989291795516332,"Unitarian_test2"
"V2",0.986719512955772,"Unitarian_test2"
"V3",0.987328768284262,"Unitarian_test2"
"V4",0.985266058312111,"Unitarian_test2"
"V5",0.988475334463868,"Unitarian_test2"
"V6",0.988698366565768,"Unitarian_test2"
"V7",0.98761011254528,"Unitarian_test2"
"V8",0.990611929507548,"Unitarian_test2"
"V9",0.987837440457479,"Unitarian_test2"
"V10",0.988857653256409,"Unitarian_test2"
