"","t.cvCosineSim.","groupName"
"X0",0.993704527186385,"DorothyDay_test7"
"V2",0.99639086114659,"DorothyDay_test7"
"V3",0.992407174810632,"DorothyDay_test7"
"V4",0.995802119955662,"DorothyDay_test7"
"V5",0.994026859606776,"DorothyDay_test7"
"V6",0.995151697927324,"DorothyDay_test7"
"V7",0.996235486736756,"DorothyDay_test7"
"V8",0.994054607318646,"DorothyDay_test7"
"V9",0.994398300606707,"DorothyDay_test7"
"V10",0.994883601990343,"DorothyDay_test7"
