"","t.cvCosineSim.","groupName"
"X0",0.985677232897645,"Shepherd_test5"
"V2",0.987206399264235,"Shepherd_test5"
"V3",0.98796172269733,"Shepherd_test5"
"V4",0.986418237394748,"Shepherd_test5"
"V5",0.986205679574093,"Shepherd_test5"
"V6",0.988637972076098,"Shepherd_test5"
"V7",0.985642386542845,"Shepherd_test5"
"V8",0.984844152464252,"Shepherd_test5"
"V9",0.988544206757923,"Shepherd_test5"
"V10",0.986992881967414,"Shepherd_test5"
