"","t.cvCosineSim.","groupName"
"X0",0.993035249425998,"DorothyDay_test19"
"V2",0.989538300311225,"DorothyDay_test19"
"V3",0.993161835609957,"DorothyDay_test19"
"V4",0.992506286948283,"DorothyDay_test19"
"V5",0.990218819654563,"DorothyDay_test19"
"V6",0.992257919724825,"DorothyDay_test19"
"V7",0.994081678216496,"DorothyDay_test19"
"V8",0.987995249994585,"DorothyDay_test19"
"V9",0.992560082524167,"DorothyDay_test19"
"V10",0.99154606052926,"DorothyDay_test19"
