"","t.cvCosineSim.","groupName"
"X0",0.986472445240526,"Shepherd_test14"
"V2",0.986124805467185,"Shepherd_test14"
"V3",0.985472200308512,"Shepherd_test14"
"V4",0.983747402687211,"Shepherd_test14"
"V5",0.984127972511527,"Shepherd_test14"
"V6",0.984348113639461,"Shepherd_test14"
"V7",0.985581671926232,"Shepherd_test14"
"V8",0.986164601287767,"Shepherd_test14"
"V9",0.98250362329696,"Shepherd_test14"
"V10",0.982745159620612,"Shepherd_test14"
