"","t.cvCosineSim.","groupName"
"X0",0.991681376823559,"WBC_test11"
"V2",0.993646523999347,"WBC_test11"
"V3",0.991539997531229,"WBC_test11"
"V4",0.991815853026801,"WBC_test11"
"V5",0.994708882483282,"WBC_test11"
"V6",0.990619782946384,"WBC_test11"
"V7",0.989095375699279,"WBC_test11"
"V8",0.990950870874654,"WBC_test11"
"V9",0.990016523879488,"WBC_test11"
"V10",0.987651282318434,"WBC_test11"
