"","t.cvCosineSim.","groupName"
"X0",0.992056186005909,"DorothyDay_test13"
"V2",0.990817473574517,"DorothyDay_test13"
"V3",0.992435211959282,"DorothyDay_test13"
"V4",0.992108530771611,"DorothyDay_test13"
"V5",0.992166187170547,"DorothyDay_test13"
"V6",0.987785052742589,"DorothyDay_test13"
"V7",0.991680145723693,"DorothyDay_test13"
"V8",0.993882714050764,"DorothyDay_test13"
"V9",0.991146875279843,"DorothyDay_test13"
"V10",0.992397577784438,"DorothyDay_test13"
