"","t.cvCosineSim.","groupName"
"X0",0.98699139051962,"Shepherd_test10"
"V2",0.986312316695908,"Shepherd_test10"
"V3",0.987650370459067,"Shepherd_test10"
"V4",0.985946503214184,"Shepherd_test10"
"V5",0.988453338013924,"Shepherd_test10"
"V6",0.985420782155013,"Shepherd_test10"
"V7",0.985316883599105,"Shepherd_test10"
"V8",0.988809475257049,"Shepherd_test10"
"V9",0.986344302789123,"Shepherd_test10"
"V10",0.982610498360317,"Shepherd_test10"
