"","t.cvCosineSim.","groupName"
"X0",0.986446402710552,"Unitarian_test4"
"V2",0.989276802180921,"Unitarian_test4"
"V3",0.987151881445734,"Unitarian_test4"
"V4",0.986534181338009,"Unitarian_test4"
"V5",0.988944983381705,"Unitarian_test4"
"V6",0.988874362826963,"Unitarian_test4"
"V7",0.988079460606108,"Unitarian_test4"
"V8",0.988265081158724,"Unitarian_test4"
"V9",0.98098074534726,"Unitarian_test4"
"V10",0.98913046999462,"Unitarian_test4"
