"","t.cvCosineSim.","groupName"
"X0",0.989861605690864,"Rabbinic_test3"
"V2",0.989523942215937,"Rabbinic_test3"
"V3",0.992205409604625,"Rabbinic_test3"
"V4",0.99274359544424,"Rabbinic_test3"
"V5",0.99050660573373,"Rabbinic_test3"
"V6",0.988826859839409,"Rabbinic_test3"
"V7",0.987309824218002,"Rabbinic_test3"
"V8",0.991208159005562,"Rabbinic_test3"
"V9",0.990982136212842,"Rabbinic_test3"
"V10",0.990756753989735,"Rabbinic_test3"
