"","t.cvCosineSim.","groupName"
"X0",0.990616183428891,"JohnPiper_test14"
"V2",0.992673328852593,"JohnPiper_test14"
"V3",0.989539987964553,"JohnPiper_test14"
"V4",0.993569954859437,"JohnPiper_test14"
"V5",0.98846113347657,"JohnPiper_test14"
"V6",0.990565856619241,"JohnPiper_test14"
"V7",0.991636125888651,"JohnPiper_test14"
"V8",0.987966483822885,"JohnPiper_test14"
"V9",0.990659452147083,"JohnPiper_test14"
"V10",0.994046527931367,"JohnPiper_test14"
