"","t.cvCosineSim.","groupName"
"X0",0.992451054554177,"DorothyDay_test8"
"V2",0.990328218008567,"DorothyDay_test8"
"V3",0.988553554274831,"DorothyDay_test8"
"V4",0.989115341286003,"DorothyDay_test8"
"V5",0.994359017426503,"DorothyDay_test8"
"V6",0.985166281399851,"DorothyDay_test8"
"V7",0.99589806347834,"DorothyDay_test8"
"V8",0.993774042421686,"DorothyDay_test8"
"V9",0.992055830409935,"DorothyDay_test8"
"V10",0.991418084513524,"DorothyDay_test8"
