"","t.cvCosineSim.","groupName"
"X0",0.990715385703116,"JohnPiper_test17"
"V2",0.99180151962076,"JohnPiper_test17"
"V3",0.984901432236045,"JohnPiper_test17"
"V4",0.989271542388324,"JohnPiper_test17"
"V5",0.985799876693235,"JohnPiper_test17"
"V6",0.988194168818322,"JohnPiper_test17"
"V7",0.994869489253772,"JohnPiper_test17"
"V8",0.994229642847087,"JohnPiper_test17"
"V9",0.986836590521287,"JohnPiper_test17"
"V10",0.990653936210425,"JohnPiper_test17"
