"","t.cvCosineSim.","groupName"
"X0",0.993120198890579,"JohnPiper_test16"
"V2",0.993862691292716,"JohnPiper_test16"
"V3",0.991744622890914,"JohnPiper_test16"
"V4",0.996060160786628,"JohnPiper_test16"
"V5",0.992313918783,"JohnPiper_test16"
"V6",0.995941797774074,"JohnPiper_test16"
"V7",0.993441860878041,"JohnPiper_test16"
"V8",0.990522186688321,"JohnPiper_test16"
"V9",0.991510601068077,"JohnPiper_test16"
"V10",0.990756875587577,"JohnPiper_test16"
