"","t.cvCosineSim.","groupName"
"X0",0.991860104624827,"DorothyDay_test12"
"V2",0.993349256178308,"DorothyDay_test12"
"V3",0.994091713703406,"DorothyDay_test12"
"V4",0.991686009945592,"DorothyDay_test12"
"V5",0.991048821646668,"DorothyDay_test12"
"V6",0.990322552192351,"DorothyDay_test12"
"V7",0.993714417334617,"DorothyDay_test12"
"V8",0.994734987384561,"DorothyDay_test12"
"V9",0.992269297894518,"DorothyDay_test12"
"V10",0.995078082854983,"DorothyDay_test12"
