"","t.cvCosineSim.","groupName"
"X0",0.992334418106974,"JohnPiper_test5"
"V2",0.989712652835774,"JohnPiper_test5"
"V3",0.994491736878808,"JohnPiper_test5"
"V4",0.990724562656765,"JohnPiper_test5"
"V5",0.991658791092639,"JohnPiper_test5"
"V6",0.99241979419879,"JohnPiper_test5"
"V7",0.994338206932983,"JohnPiper_test5"
"V8",0.989514996662171,"JohnPiper_test5"
"V9",0.993232949987848,"JohnPiper_test5"
"V10",0.99420042944654,"JohnPiper_test5"
