"","t.cvCosineSim.","groupName"
"X0",0.985188988237632,"Shepherd_test11"
"V2",0.984668918460285,"Shepherd_test11"
"V3",0.986451998309586,"Shepherd_test11"
"V4",0.982717566464999,"Shepherd_test11"
"V5",0.984940882790009,"Shepherd_test11"
"V6",0.984146032233797,"Shepherd_test11"
"V7",0.975074637152193,"Shepherd_test11"
"V8",0.982738694342187,"Shepherd_test11"
"V9",0.982067617309523,"Shepherd_test11"
"V10",0.983530527775157,"Shepherd_test11"
