"","t.cvCosineSim.","groupName"
"X0",0.986078873177526,"Shepherd_test18"
"V2",0.984357450269623,"Shepherd_test18"
"V3",0.988595633968323,"Shepherd_test18"
"V4",0.985605210581153,"Shepherd_test18"
"V5",0.987070665057976,"Shepherd_test18"
"V6",0.987002946121977,"Shepherd_test18"
"V7",0.985908842646434,"Shepherd_test18"
"V8",0.98557193125467,"Shepherd_test18"
"V9",0.986037996854995,"Shepherd_test18"
"V10",0.983396179902893,"Shepherd_test18"
