"","t.cvCosineSim.","groupName"
"X0",0.994587651517865,"DorothyDay_test10"
"V2",0.991929957086395,"DorothyDay_test10"
"V3",0.993397931838616,"DorothyDay_test10"
"V4",0.994157243392573,"DorothyDay_test10"
"V5",0.996326511616712,"DorothyDay_test10"
"V6",0.993852060795746,"DorothyDay_test10"
"V7",0.993205217760019,"DorothyDay_test10"
"V8",0.99421151000345,"DorothyDay_test10"
"V9",0.99422147127505,"DorothyDay_test10"
"V10",0.994366377364289,"DorothyDay_test10"
