"","t.cvCosineSim.","groupName"
"X0",0.993163569898571,"DorothyDay_test3"
"V2",0.992003398161421,"DorothyDay_test3"
"V3",0.994265318313702,"DorothyDay_test3"
"V4",0.993493318824329,"DorothyDay_test3"
"V5",0.9935928972583,"DorothyDay_test3"
"V6",0.993083557423556,"DorothyDay_test3"
"V7",0.992048625051663,"DorothyDay_test3"
"V8",0.993057068119679,"DorothyDay_test3"
"V9",0.99543730194413,"DorothyDay_test3"
"V10",0.992073228978321,"DorothyDay_test3"
