"","t.cvCosineSim.","groupName"
"X0",0.990353321795844,"WBC_test9"
"V2",0.988110039556971,"WBC_test9"
"V3",0.990185380271251,"WBC_test9"
"V4",0.990152922336256,"WBC_test9"
"V5",0.983401091651748,"WBC_test9"
"V6",0.993013701104502,"WBC_test9"
"V7",0.992470548373305,"WBC_test9"
"V8",0.988917136861188,"WBC_test9"
"V9",0.984610232284504,"WBC_test9"
"V10",0.990474016978635,"WBC_test9"
