"","t.cvCosineSim.","groupName"
"X0",0.990141824456451,"Rabbinic_test1"
"V2",0.989330416143047,"Rabbinic_test1"
"V3",0.992716960402234,"Rabbinic_test1"
"V4",0.98882198321587,"Rabbinic_test1"
"V5",0.988887183955124,"Rabbinic_test1"
"V6",0.989062292440588,"Rabbinic_test1"
"V7",0.990665527493266,"Rabbinic_test1"
"V8",0.989955162605242,"Rabbinic_test1"
"V9",0.987075115403485,"Rabbinic_test1"
"V10",0.990927661514701,"Rabbinic_test1"
