"","t.cvCosineSim.","groupName"
"X0",0.985114715550547,"Unitarian_test8"
"V2",0.987210017184712,"Unitarian_test8"
"V3",0.989597706932575,"Unitarian_test8"
"V4",0.985450344107076,"Unitarian_test8"
"V5",0.984464806297894,"Unitarian_test8"
"V6",0.988066603584017,"Unitarian_test8"
"V7",0.985396571269335,"Unitarian_test8"
"V8",0.987395409131812,"Unitarian_test8"
"V9",0.988870682240711,"Unitarian_test8"
"V10",0.988262478202416,"Unitarian_test8"
