"","t.cvCosineSim.","groupName"
"X0",0.992956447736699,"DorothyDay_test21"
"V2",0.99277681250543,"DorothyDay_test21"
"V3",0.993655252588649,"DorothyDay_test21"
"V4",0.994242386347962,"DorothyDay_test21"
"V5",0.992335598526553,"DorothyDay_test21"
"V6",0.994140821916455,"DorothyDay_test21"
"V7",0.991791361727088,"DorothyDay_test21"
"V8",0.995592843016654,"DorothyDay_test21"
"V9",0.993433309567583,"DorothyDay_test21"
"V10",0.99072329006203,"DorothyDay_test21"
