"","t.cvCosineSim.","groupName"
"X0",0.987771159370787,"Shepherd_test1"
"V2",0.986934432867665,"Shepherd_test1"
"V3",0.983574453214592,"Shepherd_test1"
"V4",0.987269355083727,"Shepherd_test1"
"V5",0.988533261567258,"Shepherd_test1"
"V6",0.987324994176414,"Shepherd_test1"
"V7",0.986997636909804,"Shepherd_test1"
"V8",0.986637694756362,"Shepherd_test1"
"V9",0.989721365118782,"Shepherd_test1"
"V10",0.985597219537606,"Shepherd_test1"
