"","t.cvCosineSim.","groupName"
"X0",0.99328853664079,"DorothyDay_test2"
"V2",0.989239712631111,"DorothyDay_test2"
"V3",0.990616596044065,"DorothyDay_test2"
"V4",0.989310343891211,"DorothyDay_test2"
"V5",0.989616594133382,"DorothyDay_test2"
"V6",0.989284603324831,"DorothyDay_test2"
"V7",0.993734542791029,"DorothyDay_test2"
"V8",0.991721180133297,"DorothyDay_test2"
"V9",0.993724772839819,"DorothyDay_test2"
"V10",0.989866422066315,"DorothyDay_test2"
