"","t.cvCosineSim.","groupName"
"X0",0.982599856658975,"Shepherd_test22"
"V2",0.985074410530816,"Shepherd_test22"
"V3",0.988442251493632,"Shepherd_test22"
"V4",0.987560778449675,"Shepherd_test22"
"V5",0.983937935796988,"Shepherd_test22"
"V6",0.978552935454563,"Shepherd_test22"
"V7",0.982981971872582,"Shepherd_test22"
"V8",0.98743148332902,"Shepherd_test22"
"V9",0.985794041398589,"Shepherd_test22"
"V10",0.980792156064401,"Shepherd_test22"
