"","t.cvCosineSim.","groupName"
"X0",0.986626341305492,"Unitarian_test6"
"V2",0.986885030223134,"Unitarian_test6"
"V3",0.987780834121115,"Unitarian_test6"
"V4",0.986035024138276,"Unitarian_test6"
"V5",0.991470869302482,"Unitarian_test6"
"V6",0.98927798023843,"Unitarian_test6"
"V7",0.987297059029594,"Unitarian_test6"
"V8",0.988638930206392,"Unitarian_test6"
"V9",0.989229873801469,"Unitarian_test6"
"V10",0.989743192014427,"Unitarian_test6"
