"","t.cvCosineSim.","groupName"
"X0",0.991817895278757,"JohnPiper_test15"
"V2",0.994132898874965,"JohnPiper_test15"
"V3",0.990328846657512,"JohnPiper_test15"
"V4",0.991870964479309,"JohnPiper_test15"
"V5",0.990582509949864,"JohnPiper_test15"
"V6",0.990851884310946,"JohnPiper_test15"
"V7",0.993463177150733,"JohnPiper_test15"
"V8",0.9916703000752,"JohnPiper_test15"
"V9",0.99432789060857,"JohnPiper_test15"
"V10",0.994506041502672,"JohnPiper_test15"
