"","t.cvCosineSim.","groupName"
"X0",0.99235850439642,"WBC_test2"
"V2",0.990238340158451,"WBC_test2"
"V3",0.992635771246746,"WBC_test2"
"V4",0.99234738686657,"WBC_test2"
"V5",0.992340701794091,"WBC_test2"
"V6",0.986810312907986,"WBC_test2"
"V7",0.988529393440051,"WBC_test2"
"V8",0.992150014790156,"WBC_test2"
"V9",0.992435219093371,"WBC_test2"
"V10",0.993490147238377,"WBC_test2"
