"","t.cvCosineSim.","groupName"
"X0",0.988650957276713,"Shepherd_test8"
"V2",0.988249944162775,"Shepherd_test8"
"V3",0.988353692528407,"Shepherd_test8"
"V4",0.986079864975719,"Shepherd_test8"
"V5",0.987978212488517,"Shepherd_test8"
"V6",0.986903077349696,"Shepherd_test8"
"V7",0.988619404601287,"Shepherd_test8"
"V8",0.990343556821816,"Shepherd_test8"
"V9",0.988571060619682,"Shepherd_test8"
"V10",0.989530968145367,"Shepherd_test8"
