"","t.cvCosineSim.","groupName"
"X0",0.991675305022956,"JohnPiper_test11"
"V2",0.987281754155302,"JohnPiper_test11"
"V3",0.993477744515245,"JohnPiper_test11"
"V4",0.988600718746691,"JohnPiper_test11"
"V5",0.990905733287888,"JohnPiper_test11"
"V6",0.985950535397937,"JohnPiper_test11"
"V7",0.989142777286518,"JohnPiper_test11"
"V8",0.994022554751778,"JohnPiper_test11"
"V9",0.986470720877479,"JohnPiper_test11"
"V10",0.987312787223856,"JohnPiper_test11"
