"","t.cvCosineSim.","groupName"
"X0",0.990294911471906,"JohnPiper_test1"
"V2",0.992088862178457,"JohnPiper_test1"
"V3",0.995226462488022,"JohnPiper_test1"
"V4",0.991353824899408,"JohnPiper_test1"
"V5",0.990849164898311,"JohnPiper_test1"
"V6",0.993499495493042,"JohnPiper_test1"
"V7",0.992956708254864,"JohnPiper_test1"
"V8",0.992514945532282,"JohnPiper_test1"
"V9",0.993241311164555,"JohnPiper_test1"
"V10",0.991672283595365,"JohnPiper_test1"
