"","t.cvCosineSim.","groupName"
"X0",0.994635793545264,"DorothyDay_test18"
"V2",0.993863240231691,"DorothyDay_test18"
"V3",0.994173113622858,"DorothyDay_test18"
"V4",0.995402239765892,"DorothyDay_test18"
"V5",0.993453615972246,"DorothyDay_test18"
"V6",0.993401221185695,"DorothyDay_test18"
"V7",0.995403173030781,"DorothyDay_test18"
"V8",0.993920198099178,"DorothyDay_test18"
"V9",0.992000759021106,"DorothyDay_test18"
"V10",0.992673378245837,"DorothyDay_test18"
