"","t.cvCosineSim.","groupName"
"X0",0.987260269753417,"Shepherd_test2"
"V2",0.987785496171534,"Shepherd_test2"
"V3",0.983111709614765,"Shepherd_test2"
"V4",0.987814215677888,"Shepherd_test2"
"V5",0.98702531664021,"Shepherd_test2"
"V6",0.985499985505965,"Shepherd_test2"
"V7",0.990331813657706,"Shepherd_test2"
"V8",0.988172559340395,"Shepherd_test2"
"V9",0.989007865198357,"Shepherd_test2"
"V10",0.988683498108553,"Shepherd_test2"
