"","t.cvCosineSim.","groupName"
"X0",0.990590100030308,"JohnPiper_test13"
"V2",0.993189602748991,"JohnPiper_test13"
"V3",0.991425133407506,"JohnPiper_test13"
"V4",0.99200120600331,"JohnPiper_test13"
"V5",0.992509003905917,"JohnPiper_test13"
"V6",0.991213850902324,"JohnPiper_test13"
"V7",0.992136982440737,"JohnPiper_test13"
"V8",0.990798305008506,"JohnPiper_test13"
"V9",0.990806676447884,"JohnPiper_test13"
"V10",0.993865854598685,"JohnPiper_test13"
