"","t.cvCosineSim.","groupName"
"X0",0.993341310652387,"DorothyDay_test17"
"V2",0.992345425291857,"DorothyDay_test17"
"V3",0.995695446723873,"DorothyDay_test17"
"V4",0.993299714162921,"DorothyDay_test17"
"V5",0.99487431019641,"DorothyDay_test17"
"V6",0.991373453995301,"DorothyDay_test17"
"V7",0.991704710460137,"DorothyDay_test17"
"V8",0.994327189239845,"DorothyDay_test17"
"V9",0.992894060949794,"DorothyDay_test17"
"V10",0.994575547155274,"DorothyDay_test17"
