"","t.cvCosineSim.","groupName"
"X0",0.982706349075398,"Shepherd_test13"
"V2",0.983739346903375,"Shepherd_test13"
"V3",0.983248224749862,"Shepherd_test13"
"V4",0.982693111162047,"Shepherd_test13"
"V5",0.981289393828704,"Shepherd_test13"
"V6",0.986052624713177,"Shepherd_test13"
"V7",0.98217101344417,"Shepherd_test13"
"V8",0.985820857984191,"Shepherd_test13"
"V9",0.985342620683789,"Shepherd_test13"
"V10",0.982252321776066,"Shepherd_test13"
