"","t.cvCosineSim.","groupName"
"X0",0.987802206730148,"Shepherd_test20"
"V2",0.984206663422776,"Shepherd_test20"
"V3",0.985396775446407,"Shepherd_test20"
"V4",0.986199908245568,"Shepherd_test20"
"V5",0.985581828872712,"Shepherd_test20"
"V6",0.98714121587011,"Shepherd_test20"
"V7",0.985551045032936,"Shepherd_test20"
"V8",0.987819260210899,"Shepherd_test20"
"V9",0.988977649244159,"Shepherd_test20"
"V10",0.987563211217739,"Shepherd_test20"
