"","t.cvCosineSim.","groupName"
"X0",0.985678959510268,"NaumanKhan_test3"
"V2",0.984636439773137,"NaumanKhan_test3"
"V3",0.986530566366084,"NaumanKhan_test3"
"V4",0.987963146378916,"NaumanKhan_test3"
"V5",0.988647504109685,"NaumanKhan_test3"
"V6",0.987096429491475,"NaumanKhan_test3"
"V7",0.987888925767412,"NaumanKhan_test3"
"V8",0.985160419102617,"NaumanKhan_test3"
"V9",0.989471855879805,"NaumanKhan_test3"
"V10",0.986397843105269,"NaumanKhan_test3"
