"","t.cvCosineSim.","groupName"
"X0",0.987512664376629,"Unitarian_test3"
"V2",0.986873460645901,"Unitarian_test3"
"V3",0.988159011656459,"Unitarian_test3"
"V4",0.989925501953276,"Unitarian_test3"
"V5",0.988717396213957,"Unitarian_test3"
"V6",0.985774996620294,"Unitarian_test3"
"V7",0.985447086123394,"Unitarian_test3"
"V8",0.988525941602099,"Unitarian_test3"
"V9",0.987590351392381,"Unitarian_test3"
"V10",0.988121319735098,"Unitarian_test3"
