"","t.cvCosineSim.","groupName"
"X0",0.989053654285726,"WBC_test13"
"V2",0.994250996850125,"WBC_test13"
"V3",0.98988106765247,"WBC_test13"
"V4",0.988359640334355,"WBC_test13"
"V5",0.98842557636064,"WBC_test13"
"V6",0.98934648714235,"WBC_test13"
"V7",0.984469612638062,"WBC_test13"
"V8",0.993673598587717,"WBC_test13"
"V9",0.991935632204914,"WBC_test13"
"V10",0.990686104295811,"WBC_test13"
