"","t.cvCosineSim.","groupName"
"X0",0.991217143457481,"DorothyDay_test23"
"V2",0.988412240173579,"DorothyDay_test23"
"V3",0.992521552045265,"DorothyDay_test23"
"V4",0.991597951673327,"DorothyDay_test23"
"V5",0.990794495415581,"DorothyDay_test23"
"V6",0.987229439428516,"DorothyDay_test23"
"V7",0.993256257317711,"DorothyDay_test23"
"V8",0.989937783447709,"DorothyDay_test23"
"V9",0.988969627522944,"DorothyDay_test23"
"V10",0.99570672727019,"DorothyDay_test23"
