"","t.cvCosineSim.","groupName"
"X0",0.990935669144916,"Rabbinic_test4"
"V2",0.990744224835376,"Rabbinic_test4"
"V3",0.991852621635276,"Rabbinic_test4"
"V4",0.986722322331068,"Rabbinic_test4"
"V5",0.990818678392981,"Rabbinic_test4"
"V6",0.99178955558665,"Rabbinic_test4"
"V7",0.990212854026507,"Rabbinic_test4"
"V8",0.991204425445678,"Rabbinic_test4"
"V9",0.98752246835845,"Rabbinic_test4"
"V10",0.987377065385175,"Rabbinic_test4"
