"","t.cvCosineSim.","groupName"
"X0",0.990971107757384,"JohnPiper_test2"
"V2",0.990662016466271,"JohnPiper_test2"
"V3",0.9896345285202,"JohnPiper_test2"
"V4",0.992274565315455,"JohnPiper_test2"
"V5",0.991529310189362,"JohnPiper_test2"
"V6",0.993457665444899,"JohnPiper_test2"
"V7",0.992029910649706,"JohnPiper_test2"
"V8",0.992479464452455,"JohnPiper_test2"
"V9",0.9916195478345,"JohnPiper_test2"
"V10",0.990019115389953,"JohnPiper_test2"
