"","t.cvCosineSim.","groupName"
"X0",0.990505774675507,"DorothyDay_test16"
"V2",0.991559031738977,"DorothyDay_test16"
"V3",0.991790173549973,"DorothyDay_test16"
"V4",0.992608975993608,"DorothyDay_test16"
"V5",0.990150815544813,"DorothyDay_test16"
"V6",0.990154390061211,"DorothyDay_test16"
"V7",0.993550468566563,"DorothyDay_test16"
"V8",0.992775377656125,"DorothyDay_test16"
"V9",0.991524962006983,"DorothyDay_test16"
"V10",0.992532318714544,"DorothyDay_test16"
