"","t.cvCosineSim.","groupName"
"X0",0.986024439268325,"Shepherd_test4"
"V2",0.98819382186505,"Shepherd_test4"
"V3",0.987144892108124,"Shepherd_test4"
"V4",0.985272374194097,"Shepherd_test4"
"V5",0.989435751361951,"Shepherd_test4"
"V6",0.986741506508896,"Shepherd_test4"
"V7",0.988774562494229,"Shepherd_test4"
"V8",0.985971020893185,"Shepherd_test4"
"V9",0.98806152866332,"Shepherd_test4"
"V10",0.987006180713736,"Shepherd_test4"
