"","t.cvCosineSim.","groupName"
"X0",0.993825392561695,"WBC_test10"
"V2",0.988196863037557,"WBC_test10"
"V3",0.991558954818952,"WBC_test10"
"V4",0.991383569887106,"WBC_test10"
"V5",0.992499281290846,"WBC_test10"
"V6",0.991457947717108,"WBC_test10"
"V7",0.988193610010495,"WBC_test10"
"V8",0.991650908242312,"WBC_test10"
"V9",0.995141625020629,"WBC_test10"
"V10",0.994306544458757,"WBC_test10"
