"","t.cvCosineSim.","groupName"
"X0",0.989659612415163,"JohnPiper_test9"
"V2",0.991946824081328,"JohnPiper_test9"
"V3",0.988083831189715,"JohnPiper_test9"
"V4",0.991228898798259,"JohnPiper_test9"
"V5",0.992226861134602,"JohnPiper_test9"
"V6",0.994397052080013,"JohnPiper_test9"
"V7",0.990696219055814,"JohnPiper_test9"
"V8",0.990625005031981,"JohnPiper_test9"
"V9",0.990283080359481,"JohnPiper_test9"
"V10",0.9910122825123,"JohnPiper_test9"
