"","t.cvCosineSim.","groupName"
"X0",0.989906669765519,"WBC_test4"
"V2",0.991971158626938,"WBC_test4"
"V3",0.990610219438744,"WBC_test4"
"V4",0.992558202084341,"WBC_test4"
"V5",0.994373035518564,"WBC_test4"
"V6",0.993134858261925,"WBC_test4"
"V7",0.995698244726816,"WBC_test4"
"V8",0.990727112116872,"WBC_test4"
"V9",0.990182928336422,"WBC_test4"
"V10",0.994176222706537,"WBC_test4"
