"","t.cvCosineSim.","groupName"
"X0",0.988090736330412,"Unitarian_test7"
"V2",0.98743830478271,"Unitarian_test7"
"V3",0.987744424508828,"Unitarian_test7"
"V4",0.990482137151129,"Unitarian_test7"
"V5",0.987378044969339,"Unitarian_test7"
"V6",0.987959829116735,"Unitarian_test7"
"V7",0.987873921567655,"Unitarian_test7"
"V8",0.989789543908788,"Unitarian_test7"
"V9",0.988278656502751,"Unitarian_test7"
"V10",0.989641623618698,"Unitarian_test7"
