"","t.cvCosineSim.","groupName"
"X0",0.98536504940122,"Shepherd_test19"
"V2",0.986647343837856,"Shepherd_test19"
"V3",0.987109866207524,"Shepherd_test19"
"V4",0.98849271049586,"Shepherd_test19"
"V5",0.987878329930687,"Shepherd_test19"
"V6",0.988623860927639,"Shepherd_test19"
"V7",0.98611731008433,"Shepherd_test19"
"V8",0.986782974523467,"Shepherd_test19"
"V9",0.983767007560006,"Shepherd_test19"
"V10",0.987074320895273,"Shepherd_test19"
