"","t.cvCosineSim.","groupName"
"X0",0.993746221121938,"DorothyDay_test1"
"V2",0.995384803397121,"DorothyDay_test1"
"V3",0.991536837811764,"DorothyDay_test1"
"V4",0.994099616963554,"DorothyDay_test1"
"V5",0.995168585730878,"DorothyDay_test1"
"V6",0.994037335835116,"DorothyDay_test1"
"V7",0.992502494716908,"DorothyDay_test1"
"V8",0.993533347325866,"DorothyDay_test1"
"V9",0.992158340225068,"DorothyDay_test1"
"V10",0.996035003216625,"DorothyDay_test1"
