"","t.cvCosineSim.","groupName"
"X0",0.98915589420204,"JohnPiper_test7"
"V2",0.989840700294711,"JohnPiper_test7"
"V3",0.986441509727037,"JohnPiper_test7"
"V4",0.990360992428709,"JohnPiper_test7"
"V5",0.992087066597638,"JohnPiper_test7"
"V6",0.990725853453646,"JohnPiper_test7"
"V7",0.991824602746624,"JohnPiper_test7"
"V8",0.989315277536995,"JohnPiper_test7"
"V9",0.993722498436881,"JohnPiper_test7"
"V10",0.992558668814216,"JohnPiper_test7"
