"","t.cvCosineSim.","groupName"
"X0",0.98803614615242,"Unitarian_test5"
"V2",0.986862428833364,"Unitarian_test5"
"V3",0.98722026160371,"Unitarian_test5"
"V4",0.985803170768427,"Unitarian_test5"
"V5",0.988173463625722,"Unitarian_test5"
"V6",0.982958945705259,"Unitarian_test5"
"V7",0.990403455544733,"Unitarian_test5"
"V8",0.99056883461218,"Unitarian_test5"
"V9",0.984971486639169,"Unitarian_test5"
"V10",0.990181121705523,"Unitarian_test5"
