"","t.cvCosineSim.","groupName"
"X0",0.993428372233196,"DorothyDay_test22"
"V2",0.993846923589882,"DorothyDay_test22"
"V3",0.995524283564926,"DorothyDay_test22"
"V4",0.993106766540461,"DorothyDay_test22"
"V5",0.994853219540935,"DorothyDay_test22"
"V6",0.993869581512842,"DorothyDay_test22"
"V7",0.99603352753365,"DorothyDay_test22"
"V8",0.991422712033944,"DorothyDay_test22"
"V9",0.996604726965531,"DorothyDay_test22"
"V10",0.99340574163693,"DorothyDay_test22"
