"","t.cvCosineSim.","groupName"
"X0",0.986082587358235,"Shepherd_test15"
"V2",0.985243956078126,"Shepherd_test15"
"V3",0.985118282609266,"Shepherd_test15"
"V4",0.986500551686901,"Shepherd_test15"
"V5",0.988474118769751,"Shepherd_test15"
"V6",0.985788109139692,"Shepherd_test15"
"V7",0.983729607798971,"Shepherd_test15"
"V8",0.9852115307892,"Shepherd_test15"
"V9",0.984710424623868,"Shepherd_test15"
"V10",0.985956728768787,"Shepherd_test15"
