"","t.cvCosineSim.","groupName"
"X0",0.987215780896819,"Shepherd_test16"
"V2",0.986165846724163,"Shepherd_test16"
"V3",0.987745919226933,"Shepherd_test16"
"V4",0.987212076675525,"Shepherd_test16"
"V5",0.987174820695928,"Shepherd_test16"
"V6",0.988918494352403,"Shepherd_test16"
"V7",0.986040544933544,"Shepherd_test16"
"V8",0.985683287001812,"Shepherd_test16"
"V9",0.988002680581145,"Shepherd_test16"
"V10",0.987842675662273,"Shepherd_test16"
