"","t.cvCosineSim.","groupName"
"X0",0.990445001634548,"JohnPiper_test12"
"V2",0.990050041463279,"JohnPiper_test12"
"V3",0.991107205171813,"JohnPiper_test12"
"V4",0.992215869111623,"JohnPiper_test12"
"V5",0.990464335493709,"JohnPiper_test12"
"V6",0.990499705928628,"JohnPiper_test12"
"V7",0.990300338893167,"JohnPiper_test12"
"V8",0.987927190225673,"JohnPiper_test12"
"V9",0.992636473972522,"JohnPiper_test12"
"V10",0.991741766594966,"JohnPiper_test12"
