"","t.cvCosineSim.","groupName"
"X0",0.991409048323985,"JohnPiper_test3"
"V2",0.992537123809731,"JohnPiper_test3"
"V3",0.991042218106255,"JohnPiper_test3"
"V4",0.989890756009447,"JohnPiper_test3"
"V5",0.993830885397631,"JohnPiper_test3"
"V6",0.992085171738006,"JohnPiper_test3"
"V7",0.991937039311837,"JohnPiper_test3"
"V8",0.991786533639043,"JohnPiper_test3"
"V9",0.994029107691888,"JohnPiper_test3"
"V10",0.991259798568647,"JohnPiper_test3"
