"","t.cvCosineSim.","groupName"
"X0",0.987063975495397,"WBC_test5"
"V2",0.988053336345559,"WBC_test5"
"V3",0.990164417353644,"WBC_test5"
"V4",0.991691118650994,"WBC_test5"
"V5",0.993992748177342,"WBC_test5"
"V6",0.988939189974763,"WBC_test5"
"V7",0.988164117727892,"WBC_test5"
"V8",0.986871570284738,"WBC_test5"
"V9",0.991269567295454,"WBC_test5"
"V10",0.987602169161117,"WBC_test5"
