"","t.cvCosineSim.","groupName"
"X0",0.994676007402025,"DorothyDay_test11"
"V2",0.995426071962822,"DorothyDay_test11"
"V3",0.994327637793306,"DorothyDay_test11"
"V4",0.991908099727105,"DorothyDay_test11"
"V5",0.994063298569162,"DorothyDay_test11"
"V6",0.991410068128201,"DorothyDay_test11"
"V7",0.991593569474416,"DorothyDay_test11"
"V8",0.993484602147583,"DorothyDay_test11"
"V9",0.993033417554022,"DorothyDay_test11"
"V10",0.992867927061057,"DorothyDay_test11"
