"","t.cvCosineSim.","groupName"
"X0",0.992510385951585,"MehrBaba_test1"
"V2",0.992216231833022,"MehrBaba_test1"
"V3",0.991796861457158,"MehrBaba_test1"
"V4",0.994457197506288,"MehrBaba_test1"
"V5",0.993274717561083,"MehrBaba_test1"
"V6",0.990533277061754,"MehrBaba_test1"
"V7",0.995687796691991,"MehrBaba_test1"
"V8",0.992992619769729,"MehrBaba_test1"
"V9",0.990290200855024,"MehrBaba_test1"
"V10",0.992293268497017,"MehrBaba_test1"
