"","t.cvCosineSim.","groupName"
"X0",0.988423960970792,"JohnPiper_test10"
"V2",0.987185667338859,"JohnPiper_test10"
"V3",0.991357940266674,"JohnPiper_test10"
"V4",0.991298396884652,"JohnPiper_test10"
"V5",0.987280076759109,"JohnPiper_test10"
"V6",0.988698374824261,"JohnPiper_test10"
"V7",0.988365961203447,"JohnPiper_test10"
"V8",0.993106109066793,"JohnPiper_test10"
"V9",0.991917521906499,"JohnPiper_test10"
"V10",0.991638209707784,"JohnPiper_test10"
