"","t.cvCosineSim.","groupName"
"X0",0.989068472417002,"Shepherd_test21"
"V2",0.985378104006526,"Shepherd_test21"
"V3",0.987297647766779,"Shepherd_test21"
"V4",0.987577073514797,"Shepherd_test21"
"V5",0.987072302576636,"Shepherd_test21"
"V6",0.987668553603807,"Shepherd_test21"
"V7",0.988386297864724,"Shepherd_test21"
"V8",0.988351271569697,"Shepherd_test21"
"V9",0.988725662283305,"Shepherd_test21"
"V10",0.98843586993143,"Shepherd_test21"
