"","t.cvCosineSim.","groupName"
"X0",0.992822523802007,"DorothyDay_test15"
"V2",0.993356244459804,"DorothyDay_test15"
"V3",0.99415345858971,"DorothyDay_test15"
"V4",0.991637566878465,"DorothyDay_test15"
"V5",0.991907149261828,"DorothyDay_test15"
"V6",0.993993551318315,"DorothyDay_test15"
"V7",0.993986678150085,"DorothyDay_test15"
"V8",0.993546992412277,"DorothyDay_test15"
"V9",0.990543684032805,"DorothyDay_test15"
"V10",0.990371512695032,"DorothyDay_test15"
