"","t.cvCosineSim.","groupName"
"X0",0.988913739002284,"NaumanKhan_test2"
"V2",0.98995370765178,"NaumanKhan_test2"
"V3",0.989399945514018,"NaumanKhan_test2"
"V4",0.988785427987004,"NaumanKhan_test2"
"V5",0.989344904518051,"NaumanKhan_test2"
"V6",0.988599134050533,"NaumanKhan_test2"
"V7",0.99009838511587,"NaumanKhan_test2"
"V8",0.989325459517227,"NaumanKhan_test2"
"V9",0.989543435498097,"NaumanKhan_test2"
"V10",0.991443246503717,"NaumanKhan_test2"
