"","t.cvCosineSim.","groupName"
"X0",0.992863826829313,"Rabbinic_test2"
"V2",0.990868582575935,"Rabbinic_test2"
"V3",0.988240327108592,"Rabbinic_test2"
"V4",0.989889641500785,"Rabbinic_test2"
"V5",0.993203476170418,"Rabbinic_test2"
"V6",0.990535963682254,"Rabbinic_test2"
"V7",0.992016499298451,"Rabbinic_test2"
"V8",0.990387594060879,"Rabbinic_test2"
"V9",0.99215189246389,"Rabbinic_test2"
"V10",0.993354528676778,"Rabbinic_test2"
