"","t.cvCosineSim.","groupName"
"X0",0.990080455824601,"WBC_test12"
"V2",0.99058735598025,"WBC_test12"
"V3",0.992032011094959,"WBC_test12"
"V4",0.989958046861275,"WBC_test12"
"V5",0.99145456143005,"WBC_test12"
"V6",0.99086119987523,"WBC_test12"
"V7",0.991365238216386,"WBC_test12"
"V8",0.992641412084619,"WBC_test12"
"V9",0.992276354250034,"WBC_test12"
"V10",0.995452395099333,"WBC_test12"
