"","t.cvCosineSim.","groupName"
"X0",0.993627100326289,"DorothyDay_test6"
"V2",0.993772965372237,"DorothyDay_test6"
"V3",0.993518914386948,"DorothyDay_test6"
"V4",0.993766852996573,"DorothyDay_test6"
"V5",0.994987873250544,"DorothyDay_test6"
"V6",0.994395765104733,"DorothyDay_test6"
"V7",0.991035109985542,"DorothyDay_test6"
"V8",0.991187110518029,"DorothyDay_test6"
"V9",0.993583199800747,"DorothyDay_test6"
"V10",0.995670112668765,"DorothyDay_test6"
