"","t.cvCosineSim.","groupName"
"X0",0.991722819243936,"WBC_test6"
"V2",0.990233762385013,"WBC_test6"
"V3",0.989610587596658,"WBC_test6"
"V4",0.991999667307537,"WBC_test6"
"V5",0.9923192937895,"WBC_test6"
"V6",0.991480903976279,"WBC_test6"
"V7",0.994886638925008,"WBC_test6"
"V8",0.995060885502751,"WBC_test6"
"V9",0.992257899520803,"WBC_test6"
"V10",0.99232631525207,"WBC_test6"
