"","t.cvCosineSim.","groupName"
"X0",0.990362159052065,"WBC_test7"
"V2",0.991962539934762,"WBC_test7"
"V3",0.990545943606801,"WBC_test7"
"V4",0.985342543414475,"WBC_test7"
"V5",0.992099757261935,"WBC_test7"
"V6",0.990386707540302,"WBC_test7"
"V7",0.992277675267109,"WBC_test7"
"V8",0.991358461508509,"WBC_test7"
"V9",0.991364005839988,"WBC_test7"
"V10",0.992298978150122,"WBC_test7"
