"","t.cvCosineSim.","groupName"
"X0",0.993680538737189,"DorothyDay_test4"
"V2",0.994157442059925,"DorothyDay_test4"
"V3",0.994960460467655,"DorothyDay_test4"
"V4",0.996742991090915,"DorothyDay_test4"
"V5",0.994848392584359,"DorothyDay_test4"
"V6",0.994015465448658,"DorothyDay_test4"
"V7",0.991103054952046,"DorothyDay_test4"
"V8",0.99488057355585,"DorothyDay_test4"
"V9",0.995973046321104,"DorothyDay_test4"
"V10",0.993589030956424,"DorothyDay_test4"
