"","t.cvCosineSim.","groupName"
"X0",0.99091877745713,"JohnPiper_test8"
"V2",0.990394855604075,"JohnPiper_test8"
"V3",0.989250791927154,"JohnPiper_test8"
"V4",0.989437756523827,"JohnPiper_test8"
"V5",0.991551233936294,"JohnPiper_test8"
"V6",0.99212804324451,"JohnPiper_test8"
"V7",0.989468777995234,"JohnPiper_test8"
"V8",0.992928923452317,"JohnPiper_test8"
"V9",0.992445839678243,"JohnPiper_test8"
"V10",0.992982973073862,"JohnPiper_test8"
