"","t.cvCosineSim.","groupName"
"X0",0.987830204733701,"Shepherd_test9"
"V2",0.98768965252247,"Shepherd_test9"
"V3",0.985911849817105,"Shepherd_test9"
"V4",0.987060041754945,"Shepherd_test9"
"V5",0.987376376972711,"Shepherd_test9"
"V6",0.989768891274063,"Shepherd_test9"
"V7",0.988558877501066,"Shepherd_test9"
"V8",0.988785324571355,"Shepherd_test9"
"V9",0.988099527684774,"Shepherd_test9"
"V10",0.967380121986807,"Shepherd_test9"
