"","t.cvCosineSim.","groupName"
"X0",0.992583412303598,"DorothyDay_test9"
"V2",0.993701714612483,"DorothyDay_test9"
"V3",0.993293032748609,"DorothyDay_test9"
"V4",0.995151526620413,"DorothyDay_test9"
"V5",0.994723749917141,"DorothyDay_test9"
"V6",0.995401694806614,"DorothyDay_test9"
"V7",0.993751357347155,"DorothyDay_test9"
"V8",0.992697497862068,"DorothyDay_test9"
"V9",0.994212676510876,"DorothyDay_test9"
"V10",0.994965077766078,"DorothyDay_test9"
