"","t.cvCosineSim.","groupName"
"X0",0.989535368477092,"Shepherd_test6"
"V2",0.985294206538534,"Shepherd_test6"
"V3",0.989148131000806,"Shepherd_test6"
"V4",0.98917561953903,"Shepherd_test6"
"V5",0.989062072044108,"Shepherd_test6"
"V6",0.989914766695397,"Shepherd_test6"
"V7",0.98825962049231,"Shepherd_test6"
"V8",0.985661004228186,"Shepherd_test6"
"V9",0.985128797447641,"Shepherd_test6"
"V10",0.987272642866457,"Shepherd_test6"
