"","group","avgPercJ","avgNumJ"
"1","WBC_test13",0.424116666666667,73.3333333333333
