"","t.cvCosineSim.","groupName"
"X0",0.992877862327482,"DorothyDay_test14"
"V2",0.992286209244383,"DorothyDay_test14"
"V3",0.993705805956213,"DorothyDay_test14"
"V4",0.992461179367619,"DorothyDay_test14"
"V5",0.992921386018383,"DorothyDay_test14"
"V6",0.992936116325709,"DorothyDay_test14"
"V7",0.99417416756912,"DorothyDay_test14"
"V8",0.993493429850204,"DorothyDay_test14"
"V9",0.993493590008602,"DorothyDay_test14"
"V10",0.992720522673321,"DorothyDay_test14"
