"","t.cvCosineSim.","groupName"
"X0",0.989785675949163,"WBC_test1"
"V2",0.991008080905929,"WBC_test1"
"V3",0.994070932211461,"WBC_test1"
"V4",0.992380190855429,"WBC_test1"
"V5",0.99222363792491,"WBC_test1"
"V6",0.9922039279821,"WBC_test1"
"V7",0.990471022949146,"WBC_test1"
"V8",0.975221778208914,"WBC_test1"
"V9",0.98899018340151,"WBC_test1"
"V10",0.994342785739836,"WBC_test1"
