"","t.cvCosineSim.","groupName"
"X0",0.987323338641997,"Shepherd_test7"
"V2",0.987068682268077,"Shepherd_test7"
"V3",0.985256107125259,"Shepherd_test7"
"V4",0.98445453295297,"Shepherd_test7"
"V5",0.985347074107672,"Shepherd_test7"
"V6",0.985992617052086,"Shepherd_test7"
"V7",0.9851273706492,"Shepherd_test7"
"V8",0.988856359073239,"Shepherd_test7"
"V9",0.991018882069641,"Shepherd_test7"
"V10",0.98823581486606,"Shepherd_test7"
