"","t.cvCosineSim.","groupName"
"X0",0.987518380397442,"NaumanKhan_test1"
"V2",0.986595283475787,"NaumanKhan_test1"
"V3",0.987378722756675,"NaumanKhan_test1"
"V4",0.987294016358061,"NaumanKhan_test1"
"V5",0.989270632719666,"NaumanKhan_test1"
"V6",0.988843903169243,"NaumanKhan_test1"
"V7",0.987623256302134,"NaumanKhan_test1"
"V8",0.98893670724532,"NaumanKhan_test1"
"V9",0.989307459485919,"NaumanKhan_test1"
"V10",0.984011951923564,"NaumanKhan_test1"
