"","t.cvCosineSim.","groupName"
"X0",0.990903004267169,"JohnPiper_test4"
"V2",0.993902492015211,"JohnPiper_test4"
"V3",0.994671163149954,"JohnPiper_test4"
"V4",0.990858735020467,"JohnPiper_test4"
"V5",0.995277157717107,"JohnPiper_test4"
"V6",0.994507774643494,"JohnPiper_test4"
"V7",0.991650156095259,"JohnPiper_test4"
"V8",0.991245220565917,"JohnPiper_test4"
"V9",0.99089648642461,"JohnPiper_test4"
"V10",0.990671321583628,"JohnPiper_test4"
