"","t.cvCosineSim.","groupName"
"X0",0.994404823686053,"DorothyDay_test20"
"V2",0.991478172212405,"DorothyDay_test20"
"V3",0.994065806062844,"DorothyDay_test20"
"V4",0.992458718676209,"DorothyDay_test20"
"V5",0.992504284277065,"DorothyDay_test20"
"V6",0.994364199632256,"DorothyDay_test20"
"V7",0.992700340923101,"DorothyDay_test20"
"V8",0.994547343971112,"DorothyDay_test20"
"V9",0.994943329001711,"DorothyDay_test20"
"V10",0.993379693008737,"DorothyDay_test20"
