"","t.cvCosineSim.","groupName"
"X0",0.989554733691662,"JohnPiper_test6"
"V2",0.985888419832162,"JohnPiper_test6"
"V3",0.991043010522425,"JohnPiper_test6"
"V4",0.990242094946188,"JohnPiper_test6"
"V5",0.990641443120399,"JohnPiper_test6"
"V6",0.993572390870586,"JohnPiper_test6"
"V7",0.994881275092343,"JohnPiper_test6"
"V8",0.990985451669966,"JohnPiper_test6"
"V9",0.991084559196023,"JohnPiper_test6"
"V10",0.993271481911597,"JohnPiper_test6"
