"","accuracy","test"
"1",0.477611940298507,"ANN"
"2",0,"OL"
"3",0.567164179104478,"RF"
"4",0.626865671641791,"SVM"
