"","accuracy","test"
"1",0.492537313432836,"ANN"
"2",0,"OL"
"3",0.791044776119403,"RF"
"4",0.73134328358209,"SVM"
