"","accuracy","test"
"1",0.507462686567164,"ANN"
"2",0,"OL"
"3",0.537313432835821,"RF"
"4",0.611940298507463,"SVM"
