"","accuracy","test"
"1",0.507462686567164,"ANN"
"2",0,"OL"
"3",0.417910447761194,"RF"
"4",0.492537313432836,"SVM"
