"","accuracy","test"
"1",0.373134328358209,"ANN"
"2",0,"OL"
"3",0.373134328358209,"RF"
"4",0.507462686567164,"SVM"
