"","accuracy","test"
"1",0.507462686567164,"ANN"
"2",0,"OL"
"3",0.567164179104478,"RF"
"4",0.641791044776119,"SVM"
