"","accuracy","test"
"1",0.507462686567164,"ANN"
"2",0,"OL"
"3",0.805970149253731,"RF"
"4",0.776119402985075,"SVM"
