"","accuracy","test"
"1",0.537313432835821,"ANN"
"2",0,"OL"
"3",0.507462686567164,"RF"
"4",0.597014925373134,"SVM"
