"","accuracy","test"
"1",0.507462686567164,"ANN"
"2",0,"OL"
"3",0.791044776119403,"RF"
"4",0.82089552238806,"SVM"
