"","accuracy","test"
"1",0.507462686567164,"ANN"
"2",0,"OL"
"3",0.402985074626866,"RF"
"4",0.432835820895522,"SVM"
