"","accuracy","test"
"1",0.552238805970149,"ANN"
"2",0,"OL"
"3",0.447761194029851,"RF"
"4",0.552238805970149,"SVM"
