"","accuracy","test"
"1",0.253731343283582,"ANN"
"2",0,"OL"
"3",0.447761194029851,"RF"
"4",0.507462686567164,"SVM"
